MarketPriceID,TradeDate,InstrumentID,Symbol,OpenPrice,HighPrice,LowPrice,ClosePrice,MarketVolume
MP00000001,2026-08-03,INS0001,STK001,512.2,514.45,509.19,512.53,167699
MP00000002,2026-08-03,INS0002,STK002,178.69,180.55,176.86,179.47,13681
MP00000003,2026-08-03,INS0003,STK003,981.42,990.57,980.24,982.58,243378
MP00000004,2026-08-03,INS0004,STK004,1235.79,1251.07,1230.41,1234.64,280561
MP00000005,2026-08-03,INS0005,STK005,781.58,790.09,776.5,783.42,269278
MP00000006,2026-08-03,INS0006,STK006,218.81,219.37,216.69,216.97,181635
MP00000007,2026-08-03,INS0007,STK007,257.06,260.23,256.36,257.31,356479
MP00000008,2026-08-03,INS0008,STK008,191.66,194.53,190.74,192.46,263017
MP00000009,2026-08-03,INS0009,STK009,807.15,811.99,793.56,801.73,383704
MP00000010,2026-08-03,INS0010,STK010,1169.55,1183.54,1165.78,1172.74,87360
MP00000011,2026-08-03,INS0011,STK011,627.25,632.04,624.16,624.57,129975
MP00000012,2026-08-03,INS0012,STK012,903.46,905.68,892.82,904.86,112326
MP00000013,2026-08-03,INS0013,STK013,234.93,235.62,232.81,234.69,475806
MP00000014,2026-08-03,INS0014,STK014,500.57,502.65,499.56,499.83,112877
MP00000015,2026-08-03,INS0015,STK015,162.09,162.18,161.34,161.84,201480
MP00000016,2026-08-03,INS0016,STK016,252.03,252.97,251.21,251.78,50633
MP00000017,2026-08-03,INS0017,STK017,870.77,877.37,860.27,869.99,209665
MP00000018,2026-08-03,INS0018,STK018,375.35,376.34,372.94,375.18,329532
MP00000019,2026-08-03,INS0019,STK019,1112.37,1115.34,1105.79,1113.69,305276
MP00000020,2026-08-03,INS0020,STK020,680.96,683.7,678.22,682.9,482769
MP00000021,2026-08-03,INS0021,STK021,3547.06,3567.27,3544.95,3565.97,339061
MP00000022,2026-08-03,INS0022,STK022,486.14,490.04,481.45,484.25,296100
MP00000023,2026-08-03,INS0023,STK023,156.77,157.25,155.8,156.59,247268
MP00000024,2026-08-03,INS0024,STK024,431.93,434.69,431.58,432.94,132026
MP00000025,2026-08-03,INS0025,STK025,217.08,218.44,214.85,217.21,218137
MP00000026,2026-08-03,INS0026,STK026,945.45,950.54,935.41,935.53,154454
MP00000027,2026-08-03,INS0027,STK027,463.77,468.13,453.41,461.74,43461
MP00000028,2026-08-03,INS0028,STK028,404.93,405.69,402.76,404.0,355876
MP00000029,2026-08-03,INS0029,STK029,412.47,416.71,410.8,415.2,68560
MP00000030,2026-08-03,INS0030,STK030,779.34,790.05,777.76,784.25,246770
MP00000031,2026-08-03,INS0031,STK031,321.45,326.95,319.16,320.81,237436
MP00000032,2026-08-03,INS0032,STK032,798.02,802.02,792.8,801.62,498815
MP00000033,2026-08-03,INS0033,STK033,994.46,997.67,989.41,995.1,354912
MP00000034,2026-08-03,INS0034,STK034,347.76,348.99,347.21,347.56,84231
MP00000035,2026-08-03,INS0035,STK035,223.8,224.55,221.26,223.76,36128
MP00000036,2026-08-03,INS0036,STK036,301.86,303.2,301.27,302.44,150021
MP00000037,2026-08-03,INS0037,STK037,772.24,782.81,760.72,766.13,179957
MP00000038,2026-08-03,INS0038,STK038,479.55,481.69,478.69,480.19,61012
MP00000039,2026-08-03,INS0039,STK039,732.44,732.48,724.74,731.63,256103
MP00000040,2026-08-03,INS0040,STK040,1722.65,1724.49,1691.75,1713.34,70186
MP00000041,2026-08-03,INS0041,STK041,532.12,533.86,527.42,529.84,475536
MP00000042,2026-08-03,INS0042,STK042,242.43,243.94,241.83,243.13,465775
MP00000043,2026-08-03,INS0043,STK043,993.03,1006.11,989.44,992.37,148266
MP00000044,2026-08-03,INS0044,STK044,464.52,467.34,460.89,464.63,368320
MP00000045,2026-08-03,INS0045,STK045,870.92,871.96,858.76,867.25,419414
MP00000046,2026-08-03,INS0046,STK046,1001.01,1006.89,996.76,998.53,155338
MP00000047,2026-08-03,INS0047,STK047,220.57,220.95,218.69,219.69,308451
MP00000048,2026-08-03,INS0048,STK048,1277.56,1284.59,1275.05,1279.05,487377
MP00000049,2026-08-03,INS0049,STK049,886.59,888.03,874.74,879.7,102837
MP00000050,2026-08-03,INS0050,STK050,287.34,289.09,286.3,288.38,277614
MP00000051,2026-08-03,INS0051,STK051,557.62,562.49,555.61,562.14,227995
MP00000052,2026-08-03,INS0052,STK052,553.07,560.28,552.81,555.21,164062
MP00000053,2026-08-03,INS0053,STK053,464.67,464.8,461.96,464.13,191726
MP00000054,2026-08-03,INS0054,STK054,860.78,866.44,855.4,864.61,315126
MP00000055,2026-08-03,INS0055,STK055,1309.92,1313.79,1298.06,1312.32,149133
MP00000056,2026-08-03,INS0056,STK056,449.4,453.73,445.89,448.31,424021
MP00000057,2026-08-03,INS0057,STK057,1228.86,1238.43,1225.6,1229.54,268121
MP00000058,2026-08-03,INS0058,STK058,942.74,952.63,942.24,944.03,347164
MP00000059,2026-08-03,INS0059,STK059,537.35,540.04,534.18,539.63,189845
MP00000060,2026-08-03,INS0060,STK060,521.05,525.21,518.13,522.71,300696
MP00000061,2026-08-03,INS0061,STK061,187.97,189.82,187.64,188.42,338634
MP00000062,2026-08-03,INS0062,STK062,144.54,145.82,142.72,144.58,268916
MP00000063,2026-08-03,INS0063,STK063,509.67,511.5,509.54,510.08,87095
MP00000064,2026-08-03,INS0064,STK064,237.34,239.32,236.81,239.0,109468
MP00000065,2026-08-03,INS0065,STK065,435.97,438.71,432.51,433.55,126712
MP00000066,2026-08-03,INS0066,STK066,301.22,302.54,300.27,301.42,104202
MP00000067,2026-08-03,INS0067,STK067,118.6,119.71,118.18,118.97,170185
MP00000068,2026-08-03,INS0068,STK068,582.75,583.31,577.44,580.66,470300
MP00000069,2026-08-03,INS0069,STK069,330.93,334.02,329.97,330.37,166164
MP00000070,2026-08-03,INS0070,STK070,472.49,480.95,472.07,475.84,372612
MP00000071,2026-08-03,INS0071,STK071,232.34,233.77,229.63,230.54,312666
MP00000072,2026-08-03,INS0072,STK072,352.1,355.92,351.11,352.06,371541
MP00000073,2026-08-03,INS0073,STK073,1452.98,1464.69,1442.82,1452.87,114843
MP00000074,2026-08-03,INS0074,STK074,489.9,492.75,487.8,491.56,64362
MP00000075,2026-08-03,INS0075,STK075,672.8,680.54,671.76,676.83,226398
MP00000076,2026-08-03,INS0076,STK076,176.04,177.13,175.01,175.48,366004
MP00000077,2026-08-03,INS0077,STK077,2698.73,2721.48,2688.82,2707.16,78369
MP00000078,2026-08-03,INS0078,STK078,1810.86,1818.16,1802.97,1805.39,345325
MP00000079,2026-08-03,INS0079,STK079,1244.19,1253.72,1240.68,1253.67,121915
MP00000080,2026-08-03,INS0080,STK080,837.82,845.81,835.61,843.28,289349
MP00000081,2026-08-03,INS0081,STK081,453.06,460.86,447.45,453.7,242911
MP00000082,2026-08-03,INS0082,STK082,623.82,624.92,620.17,623.07,352196
MP00000083,2026-08-03,INS0083,STK083,995.15,998.62,985.41,993.63,262396
MP00000084,2026-08-03,INS0084,STK084,284.61,285.3,282.35,283.39,217397
MP00000085,2026-08-03,INS0085,STK085,321.58,322.38,319.99,320.08,188735
MP00000086,2026-08-03,INS0086,STK086,128.34,128.59,127.69,128.1,329836
MP00000087,2026-08-03,INS0087,STK087,251.69,252.28,249.61,251.91,154375
MP00000088,2026-08-03,INS0088,STK088,1569.53,1587.8,1567.98,1584.75,474992
MP00000089,2026-08-03,INS0089,STK089,351.15,354.74,350.58,351.8,233354
MP00000090,2026-08-03,INS0090,STK090,349.95,352.66,349.22,350.81,184750
MP00000091,2026-08-03,INS0091,STK091,572.59,575.21,568.88,570.68,86478
MP00000092,2026-08-03,INS0092,STK092,134.84,135.72,133.67,134.04,366843
MP00000093,2026-08-03,INS0093,STK093,910.24,912.11,905.24,905.87,403445
MP00000094,2026-08-03,INS0094,STK094,1167.68,1169.08,1158.12,1162.37,41819
MP00000095,2026-08-03,INS0095,STK095,597.41,597.98,593.51,595.8,387218
MP00000096,2026-08-03,INS0096,STK096,1546.69,1568.59,1543.58,1548.23,81356
MP00000097,2026-08-03,INS0097,STK097,166.36,167.41,165.47,165.81,156692
MP00000098,2026-08-03,INS0098,STK098,1813.86,1818.75,1804.68,1814.94,19472
MP00000099,2026-08-03,INS0099,STK099,259.37,259.95,258.76,259.37,283497
MP00000100,2026-08-03,INS0100,STK100,172.8,173.28,170.81,172.38,414653
MP00000101,2026-08-03,INS0101,STK101,376.16,377.64,371.81,376.43,182517
MP00000102,2026-08-03,INS0102,STK102,1820.36,1830.82,1812.93,1824.77,268835
MP00000103,2026-08-03,INS0103,STK103,448.17,449.05,442.55,443.77,71192
MP00000104,2026-08-03,INS0104,STK104,225.72,226.0,223.28,223.71,171564
MP00000105,2026-08-03,INS0105,STK105,170.93,171.33,170.08,170.49,191062
MP00000106,2026-08-03,INS0106,STK106,410.98,415.88,410.25,413.03,191071
MP00000107,2026-08-03,INS0107,STK107,100.23,100.66,99.16,100.62,113002
MP00000108,2026-08-03,INS0108,STK108,170.98,171.74,169.31,170.75,300011
MP00000109,2026-08-03,INS0109,STK109,1435.16,1444.91,1426.79,1429.54,467576
MP00000110,2026-08-03,INS0110,STK110,1218.83,1225.05,1212.55,1215.59,379792
MP00000111,2026-08-03,INS0111,STK111,409.27,411.28,406.05,409.23,368405
MP00000112,2026-08-03,INS0112,STK112,316.91,321.98,314.55,318.41,396625
MP00000113,2026-08-03,INS0113,STK113,472.69,474.26,470.67,472.3,168099
MP00000114,2026-08-03,INS0114,STK114,2625.31,2632.57,2602.7,2614.56,295248
MP00000115,2026-08-03,INS0115,STK115,605.17,606.51,602.87,605.28,164422
MP00000116,2026-08-03,INS0116,STK116,879.42,884.48,875.97,881.65,474363
MP00000117,2026-08-03,INS0117,STK117,389.73,391.25,388.18,389.77,368642
MP00000118,2026-08-03,INS0118,STK118,472.49,475.62,471.19,473.94,352776
MP00000119,2026-08-03,INS0119,STK119,737.98,740.02,731.07,734.96,163412
MP00000120,2026-08-03,INS0120,STK120,497.82,498.53,497.69,497.85,64225
MP00000121,2026-08-04,INS0001,STK001,504.48,507.07,503.38,505.75,346399
MP00000122,2026-08-04,INS0002,STK002,179.48,179.86,177.7,179.05,309531
MP00000123,2026-08-04,INS0003,STK003,977.75,992.53,976.98,980.88,432020
MP00000124,2026-08-04,INS0004,STK004,1233.77,1241.77,1230.84,1237.31,348592
MP00000125,2026-08-04,INS0005,STK005,773.14,775.44,771.81,775.16,468521
MP00000126,2026-08-04,INS0006,STK006,218.03,220.66,214.21,217.91,250037
MP00000127,2026-08-04,INS0007,STK007,262.02,262.65,258.8,261.28,416491
MP00000128,2026-08-04,INS0008,STK008,193.72,193.9,191.6,193.19,401068
MP00000129,2026-08-04,INS0009,STK009,804.54,807.04,797.15,802.33,347547
MP00000130,2026-08-04,INS0010,STK010,1146.02,1164.78,1131.2,1159.88,474534
MP00000131,2026-08-04,INS0011,STK011,617.82,621.26,617.55,620.72,494745
MP00000132,2026-08-04,INS0012,STK012,907.22,910.98,900.73,904.46,75614
MP00000133,2026-08-04,INS0013,STK013,234.8,234.94,233.29,233.7,141049
MP00000134,2026-08-04,INS0014,STK014,502.07,505.92,497.15,503.95,471122
MP00000135,2026-08-04,INS0015,STK015,161.39,163.16,161.21,162.53,292752
MP00000136,2026-08-04,INS0016,STK016,255.37,258.86,252.97,257.26,66017
MP00000137,2026-08-04,INS0017,STK017,863.27,868.17,862.84,863.19,471922
MP00000138,2026-08-04,INS0018,STK018,374.75,375.62,374.73,375.28,203709
MP00000139,2026-08-04,INS0019,STK019,1103.19,1109.92,1100.09,1101.44,154575
MP00000140,2026-08-04,INS0020,STK020,672.6,676.86,666.58,670.87,259495
MP00000141,2026-08-04,INS0021,STK021,3582.43,3592.47,3573.11,3586.64,352808
MP00000142,2026-08-04,INS0022,STK022,485.19,488.48,484.42,486.18,381493
MP00000143,2026-08-04,INS0023,STK023,155.94,156.48,154.99,155.53,399317
MP00000144,2026-08-04,INS0024,STK024,433.04,434.69,432.97,433.26,453931
MP00000145,2026-08-04,INS0025,STK025,216.55,217.26,215.39,216.12,160685
MP00000146,2026-08-04,INS0026,STK026,929.77,933.37,922.59,931.84,244433
MP00000147,2026-08-04,INS0027,STK027,464.98,468.28,458.56,460.56,240246
MP00000148,2026-08-04,INS0028,STK028,401.3,405.34,398.58,401.12,307651
MP00000149,2026-08-04,INS0029,STK029,409.48,418.06,407.54,412.83,478977
MP00000150,2026-08-04,INS0030,STK030,779.94,781.53,777.7,779.94,477993
MP00000151,2026-08-04,INS0031,STK031,320.37,322.0,318.36,321.9,354076
MP00000152,2026-08-04,INS0032,STK032,785.52,787.83,777.87,784.03,227912
MP00000153,2026-08-04,INS0033,STK033,993.38,996.69,992.14,993.29,117724
MP00000154,2026-08-04,INS0034,STK034,343.65,345.82,343.29,344.55,497492
MP00000155,2026-08-04,INS0035,STK035,223.31,223.69,221.7,221.88,461067
MP00000156,2026-08-04,INS0036,STK036,299.87,302.23,298.48,301.17,98780
MP00000157,2026-08-04,INS0037,STK037,767.83,769.54,764.24,766.04,402575
MP00000158,2026-08-04,INS0038,STK038,478.11,480.63,477.79,479.37,164591
MP00000159,2026-08-04,INS0039,STK039,723.5,728.57,717.99,725.43,169912
MP00000160,2026-08-04,INS0040,STK040,1727.88,1735.23,1716.87,1723.26,423841
MP00000161,2026-08-04,INS0041,STK041,526.58,529.81,525.39,526.03,412431
MP00000162,2026-08-04,INS0042,STK042,240.71,241.88,239.25,241.7,123396
MP00000163,2026-08-04,INS0043,STK043,994.7,1000.51,990.78,994.64,200861
MP00000164,2026-08-04,INS0044,STK044,465.86,472.79,463.42,465.82,476612
MP00000165,2026-08-04,INS0045,STK045,851.78,867.25,845.6,863.01,148982
MP00000166,2026-08-04,INS0046,STK046,975.21,987.86,967.5,975.35,405167
MP00000167,2026-08-04,INS0047,STK047,220.56,220.96,217.18,218.14,149876
MP00000168,2026-08-04,INS0048,STK048,1277.38,1300.57,1267.81,1280.71,264793
MP00000169,2026-08-04,INS0049,STK049,881.43,887.32,871.43,884.56,22879
MP00000170,2026-08-04,INS0050,STK050,287.75,289.46,287.11,288.19,347935
MP00000171,2026-08-04,INS0051,STK051,555.42,562.48,553.73,559.99,135155
MP00000172,2026-08-04,INS0052,STK052,565.36,568.32,563.37,565.49,353173
MP00000173,2026-08-04,INS0053,STK053,465.69,466.41,460.91,462.75,145996
MP00000174,2026-08-04,INS0054,STK054,865.63,869.19,857.3,868.85,350070
MP00000175,2026-08-04,INS0055,STK055,1302.32,1317.27,1293.25,1298.38,151774
MP00000176,2026-08-04,INS0056,STK056,442.99,447.95,442.58,444.42,434441
MP00000177,2026-08-04,INS0057,STK057,1234.24,1242.36,1227.28,1235.93,129774
MP00000178,2026-08-04,INS0058,STK058,956.37,961.98,946.71,951.95,190109
MP00000179,2026-08-04,INS0059,STK059,536.13,537.99,535.93,537.95,303151
MP00000180,2026-08-04,INS0060,STK060,515.53,515.57,512.36,515.03,360434
MP00000181,2026-08-04,INS0061,STK061,187.88,188.33,187.82,188.16,88422
MP00000182,2026-08-04,INS0062,STK062,145.66,145.85,143.98,144.8,420538
MP00000183,2026-08-04,INS0063,STK063,513.24,515.26,508.01,510.48,373649
MP00000184,2026-08-04,INS0064,STK064,238.0,240.15,236.05,237.92,198629
MP00000185,2026-08-04,INS0065,STK065,433.34,434.87,432.61,433.02,412935
MP00000186,2026-08-04,INS0066,STK066,301.31,301.89,298.76,299.62,156429
MP00000187,2026-08-04,INS0067,STK067,116.68,119.72,116.31,117.91,265678
MP00000188,2026-08-04,INS0068,STK068,584.52,587.94,582.37,584.18,248502
MP00000189,2026-08-04,INS0069,STK069,329.74,331.45,329.19,330.63,130811
MP00000190,2026-08-04,INS0070,STK070,475.78,479.81,474.59,475.27,490674
MP00000191,2026-08-04,INS0071,STK071,229.74,230.46,225.37,229.61,315218
MP00000192,2026-08-04,INS0072,STK072,353.47,353.87,349.48,351.56,403985
MP00000193,2026-08-04,INS0073,STK073,1455.1,1470.77,1446.03,1454.74,489885
MP00000194,2026-08-04,INS0074,STK074,498.4,500.44,495.51,498.41,37909
MP00000195,2026-08-04,INS0075,STK075,679.32,681.34,679.23,680.38,411063
MP00000196,2026-08-04,INS0076,STK076,174.53,174.73,174.12,174.55,395781
MP00000197,2026-08-04,INS0077,STK077,2693.58,2709.28,2679.0,2693.0,138041
MP00000198,2026-08-04,INS0078,STK078,1788.19,1802.55,1775.11,1793.7,176353
MP00000199,2026-08-04,INS0079,STK079,1254.96,1262.83,1249.15,1251.66,17642
MP00000200,2026-08-04,INS0080,STK080,840.08,840.85,829.06,837.82,302926
MP00000201,2026-08-04,INS0081,STK081,453.56,456.45,451.8,455.43,328555
MP00000202,2026-08-04,INS0082,STK082,612.3,614.01,605.67,610.03,464142
MP00000203,2026-08-04,INS0083,STK083,994.32,999.71,986.38,997.9,383403
MP00000204,2026-08-04,INS0084,STK084,281.91,284.02,281.61,284.02,462974
MP00000205,2026-08-04,INS0085,STK085,324.71,325.44,320.71,323.33,10834
MP00000206,2026-08-04,INS0086,STK086,129.67,130.92,128.18,129.0,262358
MP00000207,2026-08-04,INS0087,STK087,250.63,251.99,249.24,250.54,124897
MP00000208,2026-08-04,INS0088,STK088,1599.65,1603.69,1590.2,1594.47,240168
MP00000209,2026-08-04,INS0089,STK089,350.7,351.83,347.98,351.33,330847
MP00000210,2026-08-04,INS0090,STK090,345.23,346.99,344.53,345.43,358483
MP00000211,2026-08-04,INS0091,STK091,576.32,579.42,568.08,571.4,47792
MP00000212,2026-08-04,INS0092,STK092,133.62,133.68,132.55,133.37,146213
MP00000213,2026-08-04,INS0093,STK093,905.88,912.57,900.53,905.87,144365
MP00000214,2026-08-04,INS0094,STK094,1171.25,1186.29,1162.5,1177.82,419824
MP00000215,2026-08-04,INS0095,STK095,598.25,602.93,593.03,596.87,293774
MP00000216,2026-08-04,INS0096,STK096,1537.7,1539.91,1524.14,1535.68,450474
MP00000217,2026-08-04,INS0097,STK097,166.98,167.7,165.86,167.09,350752
MP00000218,2026-08-04,INS0098,STK098,1818.95,1825.45,1818.19,1820.21,296305
MP00000219,2026-08-04,INS0099,STK099,258.12,259.45,255.47,257.03,45757
MP00000220,2026-08-04,INS0100,STK100,169.36,171.14,168.22,170.18,382362
MP00000221,2026-08-04,INS0101,STK101,371.92,374.43,371.54,373.5,378987
MP00000222,2026-08-04,INS0102,STK102,1858.04,1862.93,1812.28,1837.02,369147
MP00000223,2026-08-04,INS0103,STK103,445.84,446.17,439.75,442.7,33664
MP00000224,2026-08-04,INS0104,STK104,222.7,224.61,220.51,223.85,74340
MP00000225,2026-08-04,INS0105,STK105,168.84,169.41,167.73,168.67,281635
MP00000226,2026-08-04,INS0106,STK106,418.19,419.87,415.33,415.89,447769
MP00000227,2026-08-04,INS0107,STK107,98.53,99.68,98.07,99.01,264640
MP00000228,2026-08-04,INS0108,STK108,170.11,170.84,166.68,169.85,364521
MP00000229,2026-08-04,INS0109,STK109,1442.77,1446.91,1431.85,1434.34,422492
MP00000230,2026-08-04,INS0110,STK110,1208.11,1216.26,1194.4,1204.72,438886
MP00000231,2026-08-04,INS0111,STK111,410.04,411.59,406.1,411.24,154378
MP00000232,2026-08-04,INS0112,STK112,317.13,317.92,315.2,316.21,37197
MP00000233,2026-08-04,INS0113,STK113,467.77,469.15,465.82,467.69,121030
MP00000234,2026-08-04,INS0114,STK114,2640.95,2649.17,2634.64,2641.61,66747
MP00000235,2026-08-04,INS0115,STK115,605.58,611.84,597.3,606.03,358058
MP00000236,2026-08-04,INS0116,STK116,880.96,885.65,868.77,885.32,224560
MP00000237,2026-08-04,INS0117,STK117,393.73,396.07,391.76,392.96,431743
MP00000238,2026-08-04,INS0118,STK118,463.76,464.92,458.19,464.11,371462
MP00000239,2026-08-04,INS0119,STK119,740.86,743.26,735.53,738.7,48744
MP00000240,2026-08-04,INS0120,STK120,499.59,501.97,493.95,494.83,393814
MP00000241,2026-08-05,INS0001,STK001,507.09,509.5,501.22,509.47,449628
MP00000242,2026-08-05,INS0002,STK002,181.53,184.07,181.37,182.02,173522
MP00000243,2026-08-05,INS0003,STK003,977.14,982.85,971.1,974.04,223596
MP00000244,2026-08-05,INS0004,STK004,1246.13,1251.58,1243.46,1246.88,98720
MP00000245,2026-08-05,INS0005,STK005,766.91,772.52,761.62,769.96,101141
MP00000246,2026-08-05,INS0006,STK006,218.37,219.09,215.79,218.14,482548
MP00000247,2026-08-05,INS0007,STK007,265.75,267.0,261.36,264.45,486215
MP00000248,2026-08-05,INS0008,STK008,193.96,194.5,192.13,192.39,240739
MP00000249,2026-08-05,INS0009,STK009,804.37,805.31,792.02,802.23,17233
MP00000250,2026-08-05,INS0010,STK010,1143.47,1146.0,1141.82,1143.29,382689
MP00000251,2026-08-05,INS0011,STK011,612.69,620.2,609.09,617.43,51548
MP00000252,2026-08-05,INS0012,STK012,894.36,895.59,883.08,890.77,123815
MP00000253,2026-08-05,INS0013,STK013,235.36,237.52,231.09,234.51,31182
MP00000254,2026-08-05,INS0014,STK014,506.55,508.32,505.0,507.32,448748
MP00000255,2026-08-05,INS0015,STK015,162.17,163.13,161.52,162.25,440282
MP00000256,2026-08-05,INS0016,STK016,257.93,261.94,254.66,257.85,404569
MP00000257,2026-08-05,INS0017,STK017,861.32,866.89,860.04,860.95,157478
MP00000258,2026-08-05,INS0018,STK018,378.11,378.56,375.76,377.51,387636
MP00000259,2026-08-05,INS0019,STK019,1098.86,1106.83,1098.66,1102.58,28482
MP00000260,2026-08-05,INS0020,STK020,654.17,661.25,646.63,660.29,64213
MP00000261,2026-08-05,INS0021,STK021,3656.4,3679.95,3604.42,3613.71,405979
MP00000262,2026-08-05,INS0022,STK022,485.47,486.07,483.0,484.66,45825
MP00000263,2026-08-05,INS0023,STK023,153.5,155.5,153.14,153.96,70561
MP00000264,2026-08-05,INS0024,STK024,430.24,437.53,427.95,431.74,66572
MP00000265,2026-08-05,INS0025,STK025,212.77,213.94,211.81,212.86,397486
MP00000266,2026-08-05,INS0026,STK026,924.99,928.07,921.09,922.57,408538
MP00000267,2026-08-05,INS0027,STK027,462.71,463.25,460.23,461.09,412993
MP00000268,2026-08-05,INS0028,STK028,402.91,406.17,401.1,401.84,153953
MP00000269,2026-08-05,INS0029,STK029,412.24,415.18,411.09,413.84,411049
MP00000270,2026-08-05,INS0030,STK030,775.35,782.0,767.57,779.96,499847
MP00000271,2026-08-05,INS0031,STK031,317.6,321.56,316.72,320.12,333671
MP00000272,2026-08-05,INS0032,STK032,784.59,790.7,781.49,783.69,402573
MP00000273,2026-08-05,INS0033,STK033,994.16,997.42,981.89,989.82,432593
MP00000274,2026-08-05,INS0034,STK034,341.08,345.41,339.33,340.1,152832
MP00000275,2026-08-05,INS0035,STK035,223.03,225.22,218.39,220.51,371756
MP00000276,2026-08-05,INS0036,STK036,302.37,304.73,302.23,303.32,406474
MP00000277,2026-08-05,INS0037,STK037,774.7,781.93,770.09,775.83,497849
MP00000278,2026-08-05,INS0038,STK038,479.97,484.25,476.44,481.88,272199
MP00000279,2026-08-05,INS0039,STK039,729.9,740.86,725.12,734.45,105872
MP00000280,2026-08-05,INS0040,STK040,1722.43,1725.26,1714.59,1724.44,393331
MP00000281,2026-08-05,INS0041,STK041,531.95,537.14,522.7,533.41,59297
MP00000282,2026-08-05,INS0042,STK042,245.62,246.13,245.24,245.71,302552
MP00000283,2026-08-05,INS0043,STK043,982.81,987.53,979.77,980.94,227984
MP00000284,2026-08-05,INS0044,STK044,463.64,470.56,462.62,466.65,336983
MP00000285,2026-08-05,INS0045,STK045,862.99,870.72,857.89,863.61,242067
MP00000286,2026-08-05,INS0046,STK046,970.29,977.07,967.03,972.04,463372
MP00000287,2026-08-05,INS0047,STK047,219.95,220.23,218.74,219.0,416100
MP00000288,2026-08-05,INS0048,STK048,1281.09,1293.28,1277.84,1281.13,256200
MP00000289,2026-08-05,INS0049,STK049,877.33,881.16,863.8,879.37,80199
MP00000290,2026-08-05,INS0050,STK050,288.75,289.2,286.07,288.13,275406
MP00000291,2026-08-05,INS0051,STK051,563.78,565.61,558.31,565.42,214580
MP00000292,2026-08-05,INS0052,STK052,569.86,572.98,564.04,566.32,453833
MP00000293,2026-08-05,INS0053,STK053,464.43,467.23,461.49,465.08,103135
MP00000294,2026-08-05,INS0054,STK054,868.41,870.65,864.93,866.93,43892
MP00000295,2026-08-05,INS0055,STK055,1304.45,1304.64,1301.85,1303.09,390710
MP00000296,2026-08-05,INS0056,STK056,439.28,445.85,436.26,440.14,32419
MP00000297,2026-08-05,INS0057,STK057,1233.01,1235.63,1221.58,1231.0,169413
MP00000298,2026-08-05,INS0058,STK058,951.92,958.24,946.22,951.17,108843
MP00000299,2026-08-05,INS0059,STK059,532.38,532.85,532.19,532.48,406172
MP00000300,2026-08-05,INS0060,STK060,509.73,517.33,506.18,511.62,65612
MP00000301,2026-08-05,INS0061,STK061,189.67,190.01,188.08,188.63,379556
MP00000302,2026-08-05,INS0062,STK062,145.87,146.99,144.72,144.95,147925
MP00000303,2026-08-05,INS0063,STK063,513.55,518.23,512.44,513.78,47941
MP00000304,2026-08-05,INS0064,STK064,236.31,236.99,235.38,236.78,445157
MP00000305,2026-08-05,INS0065,STK065,437.7,443.6,431.63,433.22,435665
MP00000306,2026-08-05,INS0066,STK066,297.35,299.92,297.26,298.01,171792
MP00000307,2026-08-05,INS0067,STK067,118.91,119.02,118.56,118.58,286999
MP00000308,2026-08-05,INS0068,STK068,587.69,590.41,585.65,589.77,135074
MP00000309,2026-08-05,INS0069,STK069,333.71,336.74,329.26,331.91,61644
MP00000310,2026-08-05,INS0070,STK070,475.16,482.38,474.32,479.32,155006
MP00000311,2026-08-05,INS0071,STK071,230.67,232.71,229.04,229.67,441231
MP00000312,2026-08-05,INS0072,STK072,353.47,356.54,352.19,353.83,128104
MP00000313,2026-08-05,INS0073,STK073,1444.64,1458.34,1434.34,1455.62,307103
MP00000314,2026-08-05,INS0074,STK074,493.55,495.73,491.51,494.34,84408
MP00000315,2026-08-05,INS0075,STK075,682.3,685.26,678.01,681.73,473144
MP00000316,2026-08-05,INS0076,STK076,172.88,174.55,172.79,173.16,160453
MP00000317,2026-08-05,INS0077,STK077,2735.49,2758.29,2723.85,2743.87,143558
MP00000318,2026-08-05,INS0078,STK078,1793.53,1806.0,1787.66,1788.91,17086
MP00000319,2026-08-05,INS0079,STK079,1253.21,1261.12,1230.12,1258.13,24274
MP00000320,2026-08-05,INS0080,STK080,840.35,846.7,837.3,837.73,125981
MP00000321,2026-08-05,INS0081,STK081,452.7,452.75,448.87,450.95,448206
MP00000322,2026-08-05,INS0082,STK082,596.59,603.85,595.08,600.84,392087
MP00000323,2026-08-05,INS0083,STK083,998.63,1008.67,996.12,1003.89,156109
MP00000324,2026-08-05,INS0084,STK084,287.98,290.11,284.93,287.56,248515
MP00000325,2026-08-05,INS0085,STK085,322.41,322.84,318.83,321.43,373435
MP00000326,2026-08-05,INS0086,STK086,128.21,128.34,127.15,127.3,215235
MP00000327,2026-08-05,INS0087,STK087,251.89,253.62,249.73,249.89,465755
MP00000328,2026-08-05,INS0088,STK088,1579.51,1591.89,1570.37,1582.56,262313
MP00000329,2026-08-05,INS0089,STK089,348.63,350.09,346.46,349.51,499170
MP00000330,2026-08-05,INS0090,STK090,346.84,348.4,346.68,347.12,305156
MP00000331,2026-08-05,INS0091,STK091,574.32,576.48,568.46,571.17,378781
MP00000332,2026-08-05,INS0092,STK092,131.61,132.75,131.51,132.49,176239
MP00000333,2026-08-05,INS0093,STK093,912.51,914.46,907.67,910.14,439358
MP00000334,2026-08-05,INS0094,STK094,1180.53,1202.73,1171.39,1184.12,80658
MP00000335,2026-08-05,INS0095,STK095,597.65,597.94,591.34,595.26,389056
MP00000336,2026-08-05,INS0096,STK096,1548.45,1549.22,1537.04,1537.38,396354
MP00000337,2026-08-05,INS0097,STK097,168.96,169.68,166.85,167.79,305657
MP00000338,2026-08-05,INS0098,STK098,1824.91,1833.29,1823.32,1826.43,63175
MP00000339,2026-08-05,INS0099,STK099,256.64,258.32,256.02,257.11,265539
MP00000340,2026-08-05,INS0100,STK100,171.38,172.31,169.96,172.14,42583
MP00000341,2026-08-05,INS0101,STK101,373.22,377.82,370.86,375.25,22120
MP00000342,2026-08-05,INS0102,STK102,1829.85,1835.96,1816.93,1830.41,30460
MP00000343,2026-08-05,INS0103,STK103,440.73,441.51,440.37,441.13,201848
MP00000344,2026-08-05,INS0104,STK104,223.51,225.94,222.33,222.85,179446
MP00000345,2026-08-05,INS0105,STK105,169.24,169.64,168.79,169.53,202070
MP00000346,2026-08-05,INS0106,STK106,413.14,416.12,409.28,413.83,178206
MP00000347,2026-08-05,INS0107,STK107,98.38,99.07,97.94,98.68,56246
MP00000348,2026-08-05,INS0108,STK108,170.88,172.89,170.07,171.3,274954
MP00000349,2026-08-05,INS0109,STK109,1434.34,1441.21,1432.45,1436.54,410435
MP00000350,2026-08-05,INS0110,STK110,1213.2,1221.81,1207.01,1216.33,185505
MP00000351,2026-08-05,INS0111,STK111,413.61,420.09,410.99,413.88,365967
MP00000352,2026-08-05,INS0112,STK112,312.8,314.39,311.33,313.24,118541
MP00000353,2026-08-05,INS0113,STK113,464.81,473.29,463.39,467.3,113915
MP00000354,2026-08-05,INS0114,STK114,2670.4,2680.02,2637.89,2662.62,162586
MP00000355,2026-08-05,INS0115,STK115,597.8,601.59,597.18,600.13,135555
MP00000356,2026-08-05,INS0116,STK116,890.57,893.99,885.01,888.3,104488
MP00000357,2026-08-05,INS0117,STK117,394.81,395.29,392.11,392.84,391448
MP00000358,2026-08-05,INS0118,STK118,454.2,460.51,454.13,457.64,198704
MP00000359,2026-08-05,INS0119,STK119,745.86,753.67,735.14,739.41,170974
MP00000360,2026-08-05,INS0120,STK120,486.99,497.48,486.32,491.52,325661
MP00000361,2026-08-06,INS0001,STK001,506.58,510.02,500.54,506.29,271674
MP00000362,2026-08-06,INS0002,STK002,185.72,185.75,184.86,185.1,219019
MP00000363,2026-08-06,INS0003,STK003,967.88,969.84,959.87,965.54,356997
MP00000364,2026-08-06,INS0004,STK004,1229.35,1233.89,1223.07,1231.13,391838
MP00000365,2026-08-06,INS0005,STK005,771.03,772.45,766.67,770.83,414189
MP00000366,2026-08-06,INS0006,STK006,218.47,219.59,217.47,217.99,271401
MP00000367,2026-08-06,INS0007,STK007,263.23,265.26,261.29,263.76,380541
MP00000368,2026-08-06,INS0008,STK008,192.24,192.74,191.5,192.41,404813
MP00000369,2026-08-06,INS0009,STK009,804.25,811.61,802.53,806.38,495077
MP00000370,2026-08-06,INS0010,STK010,1143.59,1146.66,1129.64,1137.93,362895
MP00000371,2026-08-06,INS0011,STK011,615.01,622.49,614.64,618.39,324281
MP00000372,2026-08-06,INS0012,STK012,899.29,904.81,897.07,898.1,287405
MP00000373,2026-08-06,INS0013,STK013,234.05,234.6,232.54,232.65,44600
MP00000374,2026-08-06,INS0014,STK014,500.04,509.31,497.14,497.98,267351
MP00000375,2026-08-06,INS0015,STK015,163.17,163.78,162.84,163.12,195221
MP00000376,2026-08-06,INS0016,STK016,262.96,263.1,261.42,263.07,305583
MP00000377,2026-08-06,INS0017,STK017,863.98,865.01,854.24,860.9,178369
MP00000378,2026-08-06,INS0018,STK018,380.1,382.16,377.35,378.12,89803
MP00000379,2026-08-06,INS0019,STK019,1096.08,1109.55,1092.57,1099.97,391361
MP00000380,2026-08-06,INS0020,STK020,669.3,671.38,665.31,668.73,465619
MP00000381,2026-08-06,INS0021,STK021,3595.69,3618.11,3563.26,3611.47,425882
MP00000382,2026-08-06,INS0022,STK022,483.32,485.64,482.78,483.94,403852
MP00000383,2026-08-06,INS0023,STK023,155.13,155.45,154.75,155.08,387544
MP00000384,2026-08-06,INS0024,STK024,428.78,430.6,424.6,430.07,252264
MP00000385,2026-08-06,INS0025,STK025,209.57,211.24,208.83,210.68,405324
MP00000386,2026-08-06,INS0026,STK026,931.94,936.33,925.75,929.1,33341
MP00000387,2026-08-06,INS0027,STK027,461.66,467.53,458.83,458.91,464581
MP00000388,2026-08-06,INS0028,STK028,396.88,398.98,392.25,398.72,22780
MP00000389,2026-08-06,INS0029,STK029,423.43,426.08,420.09,420.85,41533
MP00000390,2026-08-06,INS0030,STK030,783.47,783.49,776.07,778.85,129119
MP00000391,2026-08-06,INS0031,STK031,320.16,322.41,318.26,321.39,302926
MP00000392,2026-08-06,INS0032,STK032,787.14,789.08,775.32,783.87,369267
MP00000393,2026-08-06,INS0033,STK033,977.98,985.45,973.8,982.83,236952
MP00000394,2026-08-06,INS0034,STK034,342.63,345.28,341.3,341.98,133791
MP00000395,2026-08-06,INS0035,STK035,221.24,223.8,220.2,221.07,486984
MP00000396,2026-08-06,INS0036,STK036,299.67,303.03,298.76,301.73,423341
MP00000397,2026-08-06,INS0037,STK037,783.39,791.41,777.86,778.53,457079
MP00000398,2026-08-06,INS0038,STK038,478.28,481.49,476.99,479.9,244241
MP00000399,2026-08-06,INS0039,STK039,724.75,733.21,722.15,727.99,369295
MP00000400,2026-08-06,INS0040,STK040,1696.48,1722.05,1675.54,1707.88,167620
MP00000401,2026-08-06,INS0041,STK041,535.23,537.37,532.41,534.56,441989
MP00000402,2026-08-06,INS0042,STK042,246.7,250.63,244.75,244.96,475978
MP00000403,2026-08-06,INS0043,STK043,994.22,1001.35,983.9,992.79,102416
MP00000404,2026-08-06,INS0044,STK044,462.54,466.65,458.91,466.48,314465
MP00000405,2026-08-06,INS0045,STK045,856.78,862.07,855.73,858.2,195151
MP00000406,2026-08-06,INS0046,STK046,972.63,976.85,966.92,973.27,270123
MP00000407,2026-08-06,INS0047,STK047,215.97,219.95,214.94,216.75,274130
MP00000408,2026-08-06,INS0048,STK048,1278.93,1287.77,1273.58,1280.27,249423
MP00000409,2026-08-06,INS0049,STK049,879.62,884.79,876.15,881.62,269488
MP00000410,2026-08-06,INS0050,STK050,287.78,289.05,285.19,288.58,311041
MP00000411,2026-08-06,INS0051,STK051,568.24,575.55,566.58,571.34,180646
MP00000412,2026-08-06,INS0052,STK052,582.31,583.53,577.0,578.21,183790
MP00000413,2026-08-06,INS0053,STK053,463.11,471.49,461.24,467.58,24318
MP00000414,2026-08-06,INS0054,STK054,869.91,875.55,868.88,875.14,357821
MP00000415,2026-08-06,INS0055,STK055,1317.87,1332.67,1316.07,1329.87,145311
MP00000416,2026-08-06,INS0056,STK056,437.86,440.67,436.17,436.61,347291
MP00000417,2026-08-06,INS0057,STK057,1238.16,1249.84,1224.72,1232.28,155093
MP00000418,2026-08-06,INS0058,STK058,945.52,957.18,941.53,947.54,466243
MP00000419,2026-08-06,INS0059,STK059,535.76,539.49,532.88,536.08,62635
MP00000420,2026-08-06,INS0060,STK060,511.94,513.42,510.62,512.74,495260
MP00000421,2026-08-06,INS0061,STK061,186.82,189.4,186.7,187.4,460491
MP00000422,2026-08-06,INS0062,STK062,145.24,146.01,144.51,144.96,444107
MP00000423,2026-08-06,INS0063,STK063,519.44,522.87,514.21,518.1,391856
MP00000424,2026-08-06,INS0064,STK064,234.48,235.71,233.38,234.33,96649
MP00000425,2026-08-06,INS0065,STK065,430.26,432.03,427.69,430.46,133168
MP00000426,2026-08-06,INS0066,STK066,293.86,296.76,292.74,295.76,331196
MP00000427,2026-08-06,INS0067,STK067,119.45,119.74,118.2,118.89,484857
MP00000428,2026-08-06,INS0068,STK068,593.76,598.04,589.9,595.65,396265
MP00000429,2026-08-06,INS0069,STK069,330.42,330.97,324.97,326.62,67730
MP00000430,2026-08-06,INS0070,STK070,482.22,484.99,476.96,479.68,87256
MP00000431,2026-08-06,INS0071,STK071,226.77,229.03,226.77,227.97,485551
MP00000432,2026-08-06,INS0072,STK072,354.49,357.87,354.47,356.69,299151
MP00000433,2026-08-06,INS0073,STK073,1446.49,1467.83,1435.76,1452.86,265233
MP00000434,2026-08-06,INS0074,STK074,494.01,496.15,489.74,494.85,360697
MP00000435,2026-08-06,INS0075,STK075,681.59,683.98,678.02,681.72,228961
MP00000436,2026-08-06,INS0076,STK076,174.89,176.71,173.71,174.73,57367
MP00000437,2026-08-06,INS0077,STK077,2770.66,2792.71,2762.76,2789.21,63251
MP00000438,2026-08-06,INS0078,STK078,1786.71,1801.37,1771.41,1772.75,212199
MP00000439,2026-08-06,INS0079,STK079,1248.98,1251.11,1238.66,1248.58,51340
MP00000440,2026-08-06,INS0080,STK080,836.67,840.44,834.77,839.89,283363
MP00000441,2026-08-06,INS0081,STK081,450.67,453.03,446.08,448.02,110931
MP00000442,2026-08-06,INS0082,STK082,601.34,611.35,599.09,605.34,83551
MP00000443,2026-08-06,INS0083,STK083,1018.32,1023.01,1004.11,1012.72,392984
MP00000444,2026-08-06,INS0084,STK084,285.36,286.47,283.58,286.31,358152
MP00000445,2026-08-06,INS0085,STK085,317.81,320.54,317.06,319.48,79835
MP00000446,2026-08-06,INS0086,STK086,127.62,127.95,126.72,127.02,264394
MP00000447,2026-08-06,INS0087,STK087,250.21,250.41,248.13,250.09,479497
MP00000448,2026-08-06,INS0088,STK088,1582.67,1595.49,1571.06,1586.56,210017
MP00000449,2026-08-06,INS0089,STK089,342.34,345.38,341.44,343.26,104702
MP00000450,2026-08-06,INS0090,STK090,345.21,347.52,343.14,344.44,317946
MP00000451,2026-08-06,INS0091,STK091,570.79,571.94,568.99,569.33,79519
MP00000452,2026-08-06,INS0092,STK092,132.29,133.81,131.21,131.64,158112
MP00000453,2026-08-06,INS0093,STK093,891.56,896.96,888.17,889.52,39048
MP00000454,2026-08-06,INS0094,STK094,1164.28,1173.63,1153.95,1166.37,266392
MP00000455,2026-08-06,INS0095,STK095,591.21,591.69,588.81,589.08,322336
MP00000456,2026-08-06,INS0096,STK096,1546.19,1555.54,1535.31,1535.96,459732
MP00000457,2026-08-06,INS0097,STK097,166.99,167.32,165.92,167.21,262822
MP00000458,2026-08-06,INS0098,STK098,1806.3,1827.53,1804.82,1817.22,466524
MP00000459,2026-08-06,INS0099,STK099,258.03,261.71,256.91,258.76,252431
MP00000460,2026-08-06,INS0100,STK100,172.88,174.13,172.56,173.24,16704
MP00000461,2026-08-06,INS0101,STK101,377.0,380.83,373.85,375.7,81939
MP00000462,2026-08-06,INS0102,STK102,1838.17,1841.77,1825.85,1832.17,245560
MP00000463,2026-08-06,INS0103,STK103,437.5,438.41,434.1,438.12,309549
MP00000464,2026-08-06,INS0104,STK104,222.05,223.84,220.4,221.54,447455
MP00000465,2026-08-06,INS0105,STK105,167.74,168.25,165.76,167.23,226351
MP00000466,2026-08-06,INS0106,STK106,412.23,415.46,411.83,413.0,448698
MP00000467,2026-08-06,INS0107,STK107,99.3,99.5,99.28,99.3,371732
MP00000468,2026-08-06,INS0108,STK108,173.68,173.73,172.41,173.16,159666
MP00000469,2026-08-06,INS0109,STK109,1443.17,1446.46,1418.47,1433.73,374970
MP00000470,2026-08-06,INS0110,STK110,1221.1,1229.37,1213.08,1221.12,322768
MP00000471,2026-08-06,INS0111,STK111,407.13,408.28,402.07,404.53,57850
MP00000472,2026-08-06,INS0112,STK112,312.44,315.64,310.72,312.16,471987
MP00000473,2026-08-06,INS0113,STK113,467.29,470.11,460.55,465.6,54518
MP00000474,2026-08-06,INS0114,STK114,2700.62,2701.51,2686.87,2694.57,309907
MP00000475,2026-08-06,INS0115,STK115,601.17,602.07,600.19,602.02,174342
MP00000476,2026-08-06,INS0116,STK116,889.54,893.48,881.28,891.82,485759
MP00000477,2026-08-06,INS0117,STK117,392.98,395.25,391.8,394.23,154507
MP00000478,2026-08-06,INS0118,STK118,458.1,459.19,457.14,457.81,319799
MP00000479,2026-08-06,INS0119,STK119,748.2,751.34,746.72,748.53,437195
MP00000480,2026-08-06,INS0120,STK120,486.09,489.42,482.29,482.54,255191
MP00000481,2026-08-07,INS0001,STK001,497.05,501.0,492.99,499.97,391977
MP00000482,2026-08-07,INS0002,STK002,182.11,185.8,180.07,183.43,11115
MP00000483,2026-08-07,INS0003,STK003,965.9,983.44,961.69,966.9,99233
MP00000484,2026-08-07,INS0004,STK004,1248.56,1255.25,1229.12,1241.35,460415
MP00000485,2026-08-07,INS0005,STK005,780.1,785.56,779.13,781.82,446770
MP00000486,2026-08-07,INS0006,STK006,217.85,218.83,216.81,218.22,430744
MP00000487,2026-08-07,INS0007,STK007,259.75,264.07,257.09,261.29,314466
MP00000488,2026-08-07,INS0008,STK008,192.15,193.8,191.42,192.84,345787
MP00000489,2026-08-07,INS0009,STK009,800.79,802.08,796.48,801.07,229739
MP00000490,2026-08-07,INS0010,STK010,1138.78,1148.66,1138.63,1141.51,308021
MP00000491,2026-08-07,INS0011,STK011,612.58,619.77,609.03,613.75,264664
MP00000492,2026-08-07,INS0012,STK012,888.85,892.88,881.3,883.21,102508
MP00000493,2026-08-07,INS0013,STK013,236.78,238.29,233.91,235.11,382598
MP00000494,2026-08-07,INS0014,STK014,498.2,500.0,495.59,497.08,113565
MP00000495,2026-08-07,INS0015,STK015,162.59,164.33,161.63,163.18,270300
MP00000496,2026-08-07,INS0016,STK016,265.03,268.04,263.29,265.17,84191
MP00000497,2026-08-07,INS0017,STK017,874.23,877.38,867.82,873.93,379552
MP00000498,2026-08-07,INS0018,STK018,381.21,383.5,379.55,380.3,292781
MP00000499,2026-08-07,INS0019,STK019,1095.49,1109.47,1088.84,1100.88,171637
MP00000500,2026-08-07,INS0020,STK020,673.06,681.28,669.77,671.22,142955
MP00000501,2026-08-07,INS0021,STK021,3609.88,3641.49,3589.04,3602.96,475882
MP00000502,2026-08-07,INS0022,STK022,484.38,484.96,483.07,484.08,38930
MP00000503,2026-08-07,INS0023,STK023,155.28,156.13,154.51,155.26,328926
MP00000504,2026-08-07,INS0024,STK024,428.92,430.11,424.24,427.37,270186
MP00000505,2026-08-07,INS0025,STK025,209.16,211.37,206.62,210.72,456300
MP00000506,2026-08-07,INS0026,STK026,931.1,939.83,929.82,931.84,93038
MP00000507,2026-08-07,INS0027,STK027,458.62,462.69,456.06,460.81,460472
MP00000508,2026-08-07,INS0028,STK028,398.31,400.39,397.34,400.12,134338
MP00000509,2026-08-07,INS0029,STK029,417.84,418.08,415.6,416.37,126585
MP00000510,2026-08-07,INS0030,STK030,784.82,787.53,780.72,786.55,308931
MP00000511,2026-08-07,INS0031,STK031,323.3,326.02,323.17,324.35,235784
MP00000512,2026-08-07,INS0032,STK032,783.36,787.67,781.1,783.27,86515
MP00000513,2026-08-07,INS0033,STK033,989.14,995.6,985.52,986.42,229678
MP00000514,2026-08-07,INS0034,STK034,343.5,345.43,339.42,341.38,97273
MP00000515,2026-08-07,INS0035,STK035,223.5,223.51,221.89,222.4,456771
MP00000516,2026-08-07,INS0036,STK036,301.34,302.8,298.53,299.77,234083
MP00000517,2026-08-07,INS0037,STK037,787.37,794.68,784.39,786.93,151554
MP00000518,2026-08-07,INS0038,STK038,484.77,486.06,481.77,482.6,322254
MP00000519,2026-08-07,INS0039,STK039,733.44,735.74,728.67,732.22,144042
MP00000520,2026-08-07,INS0040,STK040,1702.36,1710.87,1683.9,1706.45,202573
MP00000521,2026-08-07,INS0041,STK041,527.24,531.19,521.45,528.56,339205
MP00000522,2026-08-07,INS0042,STK042,246.45,246.91,246.21,246.7,273199
MP00000523,2026-08-07,INS0043,STK043,982.88,986.87,978.13,981.9,408471
MP00000524,2026-08-07,INS0044,STK044,472.17,472.5,465.38,469.84,314603
MP00000525,2026-08-07,INS0045,STK045,846.15,859.49,843.55,852.92,153190
MP00000526,2026-08-07,INS0046,STK046,963.16,974.62,952.35,960.99,256553
MP00000527,2026-08-07,INS0047,STK047,216.57,217.42,216.0,216.75,308875
MP00000528,2026-08-07,INS0048,STK048,1283.5,1306.47,1274.4,1292.44,420716
MP00000529,2026-08-07,INS0049,STK049,874.34,877.23,870.53,874.83,96984
MP00000530,2026-08-07,INS0050,STK050,293.29,295.26,290.06,292.3,202608
MP00000531,2026-08-07,INS0051,STK051,576.91,577.84,571.79,574.35,209756
MP00000532,2026-08-07,INS0052,STK052,577.15,586.22,572.35,578.93,27669
MP00000533,2026-08-07,INS0053,STK053,465.21,468.23,464.72,465.95,288203
MP00000534,2026-08-07,INS0054,STK054,875.37,886.18,865.05,872.59,292346
MP00000535,2026-08-07,INS0055,STK055,1337.66,1343.27,1330.49,1334.46,55510
MP00000536,2026-08-07,INS0056,STK056,439.36,439.78,438.01,439.57,378867
MP00000537,2026-08-07,INS0057,STK057,1230.59,1236.16,1212.16,1226.45,481466
MP00000538,2026-08-07,INS0058,STK058,941.43,941.52,939.29,941.45,369235
MP00000539,2026-08-07,INS0059,STK059,537.25,540.23,533.02,535.17,219304
MP00000540,2026-08-07,INS0060,STK060,517.4,518.61,517.04,518.49,289965
MP00000541,2026-08-07,INS0061,STK061,185.32,186.15,184.74,185.59,351508
MP00000542,2026-08-07,INS0062,STK062,147.08,148.37,146.18,146.29,264084
MP00000543,2026-08-07,INS0063,STK063,520.23,525.03,515.71,518.28,31711
MP00000544,2026-08-07,INS0064,STK064,232.78,233.29,230.31,231.25,356418
MP00000545,2026-08-07,INS0065,STK065,428.97,430.32,427.23,428.87,65162
MP00000546,2026-08-07,INS0066,STK066,297.62,298.04,296.23,297.21,248680
MP00000547,2026-08-07,INS0067,STK067,120.99,121.82,120.55,120.62,42543
MP00000548,2026-08-07,INS0068,STK068,589.2,591.3,587.4,589.36,413273
MP00000549,2026-08-07,INS0069,STK069,320.27,323.76,316.64,319.33,238208
MP00000550,2026-08-07,INS0070,STK070,468.54,481.31,467.54,474.68,138614
MP00000551,2026-08-07,INS0071,STK071,231.46,233.14,229.18,230.04,218502
MP00000552,2026-08-07,INS0072,STK072,350.59,354.52,348.69,351.6,207639
MP00000553,2026-08-07,INS0073,STK073,1468.29,1472.94,1462.38,1470.37,93211
MP00000554,2026-08-07,INS0074,STK074,497.37,501.0,495.59,499.69,398348
MP00000555,2026-08-07,INS0075,STK075,679.39,687.7,676.51,682.76,101865
MP00000556,2026-08-07,INS0076,STK076,174.11,175.68,172.81,173.86,258535
MP00000557,2026-08-07,INS0077,STK077,2809.77,2822.45,2759.95,2790.44,158346
MP00000558,2026-08-07,INS0078,STK078,1786.18,1793.22,1779.95,1781.44,245020
MP00000559,2026-08-07,INS0079,STK079,1260.25,1263.94,1248.42,1253.17,266216
MP00000560,2026-08-07,INS0080,STK080,851.35,856.0,848.88,851.66,268771
MP00000561,2026-08-07,INS0081,STK081,447.6,448.93,444.9,447.09,209378
MP00000562,2026-08-07,INS0082,STK082,598.42,603.16,594.7,599.08,24633
MP00000563,2026-08-07,INS0083,STK083,998.83,1004.84,992.82,1000.82,475432
MP00000564,2026-08-07,INS0084,STK084,281.95,283.99,281.39,282.49,431973
MP00000565,2026-08-07,INS0085,STK085,320.34,324.1,318.59,319.98,78447
MP00000566,2026-08-07,INS0086,STK086,126.62,128.17,126.29,126.78,443220
MP00000567,2026-08-07,INS0087,STK087,251.41,252.72,247.3,250.16,227986
MP00000568,2026-08-07,INS0088,STK088,1576.7,1583.91,1563.74,1579.75,35378
MP00000569,2026-08-07,INS0089,STK089,338.51,343.87,337.66,340.23,321207
MP00000570,2026-08-07,INS0090,STK090,346.98,347.77,344.44,346.14,408708
MP00000571,2026-08-07,INS0091,STK091,555.49,562.99,550.32,558.22,302021
MP00000572,2026-08-07,INS0092,STK092,131.27,131.28,129.74,130.8,412460
MP00000573,2026-08-07,INS0093,STK093,897.25,910.93,894.77,895.14,364398
MP00000574,2026-08-07,INS0094,STK094,1165.9,1168.07,1150.86,1157.99,426673
MP00000575,2026-08-07,INS0095,STK095,590.06,593.79,586.09,590.93,491995
MP00000576,2026-08-07,INS0096,STK096,1527.89,1530.5,1520.06,1526.16,300699
MP00000577,2026-08-07,INS0097,STK097,166.93,166.94,166.15,166.6,138068
MP00000578,2026-08-07,INS0098,STK098,1827.08,1840.82,1824.75,1825.6,90738
MP00000579,2026-08-07,INS0099,STK099,256.18,256.39,253.17,256.12,131173
MP00000580,2026-08-07,INS0100,STK100,172.27,174.83,171.77,174.28,445986
MP00000581,2026-08-07,INS0101,STK101,376.96,378.44,375.72,375.83,284073
MP00000582,2026-08-07,INS0102,STK102,1850.77,1851.68,1846.58,1850.68,220171
MP00000583,2026-08-07,INS0103,STK103,440.15,441.22,437.22,438.85,481386
MP00000584,2026-08-07,INS0104,STK104,220.03,220.77,216.98,219.66,62132
MP00000585,2026-08-07,INS0105,STK105,169.48,170.69,168.79,169.56,427165
MP00000586,2026-08-07,INS0106,STK106,412.06,412.51,407.21,409.75,375244
MP00000587,2026-08-07,INS0107,STK107,99.4,99.43,97.34,99.12,171848
MP00000588,2026-08-07,INS0108,STK108,173.73,175.74,173.46,174.49,189884
MP00000589,2026-08-07,INS0109,STK109,1411.57,1423.52,1393.42,1412.32,339101
MP00000590,2026-08-07,INS0110,STK110,1232.95,1247.15,1232.49,1235.27,25487
MP00000591,2026-08-07,INS0111,STK111,398.98,403.14,397.42,400.82,391784
MP00000592,2026-08-07,INS0112,STK112,311.08,313.8,309.34,311.03,206955
MP00000593,2026-08-07,INS0113,STK113,469.36,470.09,464.21,466.68,359760
MP00000594,2026-08-07,INS0114,STK114,2696.57,2728.09,2689.69,2693.67,198088
MP00000595,2026-08-07,INS0115,STK115,607.08,612.73,601.68,605.83,140842
MP00000596,2026-08-07,INS0116,STK116,879.1,887.05,879.1,880.47,479234
MP00000597,2026-08-07,INS0117,STK117,394.49,396.67,392.33,396.53,31213
MP00000598,2026-08-07,INS0118,STK118,461.55,466.79,458.87,460.78,400747
MP00000599,2026-08-07,INS0119,STK119,757.65,765.38,753.79,754.72,148117
MP00000600,2026-08-07,INS0120,STK120,474.94,481.77,472.04,476.44,298988
MP00000601,2026-08-10,INS0001,STK001,504.29,505.83,500.6,503.05,230010
MP00000602,2026-08-10,INS0002,STK002,183.67,184.17,183.18,183.42,138259
MP00000603,2026-08-10,INS0003,STK003,974.9,980.75,970.73,975.37,306437
MP00000604,2026-08-10,INS0004,STK004,1257.46,1268.64,1253.62,1265.06,311037
MP00000605,2026-08-10,INS0005,STK005,769.93,775.28,767.59,772.87,337193
MP00000606,2026-08-10,INS0006,STK006,217.67,218.45,216.52,217.82,356723
MP00000607,2026-08-10,INS0007,STK007,256.17,258.68,254.52,256.37,455544
MP00000608,2026-08-10,INS0008,STK008,193.07,193.35,191.43,193.14,489490
MP00000609,2026-08-10,INS0009,STK009,806.05,807.0,801.98,803.42,454580
MP00000610,2026-08-10,INS0010,STK010,1148.78,1150.05,1137.07,1141.15,17232
MP00000611,2026-08-10,INS0011,STK011,608.22,617.18,605.6,610.54,103449
MP00000612,2026-08-10,INS0012,STK012,870.33,870.5,863.37,868.84,100005
MP00000613,2026-08-10,INS0013,STK013,234.78,236.98,233.55,235.81,185150
MP00000614,2026-08-10,INS0014,STK014,503.55,506.0,497.44,502.9,454161
MP00000615,2026-08-10,INS0015,STK015,162.25,162.77,162.24,162.41,134786
MP00000616,2026-08-10,INS0016,STK016,264.69,267.8,264.01,266.11,354159
MP00000617,2026-08-10,INS0017,STK017,865.41,867.59,857.98,863.04,118654
MP00000618,2026-08-10,INS0018,STK018,379.97,382.61,379.37,381.7,299445
MP00000619,2026-08-10,INS0019,STK019,1090.33,1102.01,1086.81,1097.42,499946
MP00000620,2026-08-10,INS0020,STK020,668.61,674.79,660.84,667.13,51722
MP00000621,2026-08-10,INS0021,STK021,3563.4,3620.59,3518.36,3581.11,272128
MP00000622,2026-08-10,INS0022,STK022,486.12,492.17,477.46,482.56,323030
MP00000623,2026-08-10,INS0023,STK023,154.69,157.25,153.56,155.74,159177
MP00000624,2026-08-10,INS0024,STK024,424.07,425.2,419.27,422.91,24497
MP00000625,2026-08-10,INS0025,STK025,209.24,213.47,208.96,210.05,341529
MP00000626,2026-08-10,INS0026,STK026,934.73,935.71,925.93,931.53,466581
MP00000627,2026-08-10,INS0027,STK027,456.61,456.86,448.5,456.78,359762
MP00000628,2026-08-10,INS0028,STK028,407.22,407.64,404.85,405.91,56665
MP00000629,2026-08-10,INS0029,STK029,411.74,414.26,409.69,413.53,231516
MP00000630,2026-08-10,INS0030,STK030,781.7,789.87,777.45,782.35,389346
MP00000631,2026-08-10,INS0031,STK031,321.08,322.32,319.85,321.82,185403
MP00000632,2026-08-10,INS0032,STK032,792.83,799.97,781.72,794.62,48665
MP00000633,2026-08-10,INS0033,STK033,995.77,999.13,983.23,990.79,395996
MP00000634,2026-08-10,INS0034,STK034,339.87,339.91,335.39,338.84,213485
MP00000635,2026-08-10,INS0035,STK035,224.91,226.55,221.92,224.38,207167
MP00000636,2026-08-10,INS0036,STK036,300.31,302.02,299.93,300.25,56023
MP00000637,2026-08-10,INS0037,STK037,789.95,791.21,786.02,788.55,332433
MP00000638,2026-08-10,INS0038,STK038,483.1,484.63,477.45,481.27,29659
MP00000639,2026-08-10,INS0039,STK039,729.04,733.85,722.99,727.85,406281
MP00000640,2026-08-10,INS0040,STK040,1715.48,1724.05,1705.37,1711.07,210903
MP00000641,2026-08-10,INS0041,STK041,526.35,530.77,517.48,526.26,233274
MP00000642,2026-08-10,INS0042,STK042,249.27,250.58,248.06,250.31,191026
MP00000643,2026-08-10,INS0043,STK043,965.77,983.1,965.63,971.98,442959
MP00000644,2026-08-10,INS0044,STK044,474.37,479.54,472.62,475.65,55380
MP00000645,2026-08-10,INS0045,STK045,847.93,854.46,844.33,852.16,317674
MP00000646,2026-08-10,INS0046,STK046,961.22,970.28,957.84,963.29,185717
MP00000647,2026-08-10,INS0047,STK047,217.26,219.04,216.74,218.2,453924
MP00000648,2026-08-10,INS0048,STK048,1285.91,1290.69,1280.02,1285.94,128643
MP00000649,2026-08-10,INS0049,STK049,882.39,884.86,878.96,880.9,455320
MP00000650,2026-08-10,INS0050,STK050,286.37,287.27,284.82,286.04,278774
MP00000651,2026-08-10,INS0051,STK051,569.79,571.09,563.47,571.05,238495
MP00000652,2026-08-10,INS0052,STK052,575.4,577.77,570.66,574.67,74361
MP00000653,2026-08-10,INS0053,STK053,460.25,464.05,459.61,461.3,27198
MP00000654,2026-08-10,INS0054,STK054,866.89,873.68,849.47,871.09,268466
MP00000655,2026-08-10,INS0055,STK055,1338.14,1339.12,1336.08,1338.58,298927
MP00000656,2026-08-10,INS0056,STK056,441.9,443.2,440.0,442.05,120771
MP00000657,2026-08-10,INS0057,STK057,1210.78,1229.37,1207.39,1228.81,377847
MP00000658,2026-08-10,INS0058,STK058,934.19,941.59,931.85,936.45,168069
MP00000659,2026-08-10,INS0059,STK059,538.64,540.19,532.09,536.75,456247
MP00000660,2026-08-10,INS0060,STK060,518.05,520.4,515.15,519.0,424287
MP00000661,2026-08-10,INS0061,STK061,185.87,187.96,185.69,186.98,349974
MP00000662,2026-08-10,INS0062,STK062,147.05,148.83,146.26,147.21,59116
MP00000663,2026-08-10,INS0063,STK063,515.39,521.32,514.64,518.41,203823
MP00000664,2026-08-10,INS0064,STK064,228.63,231.0,226.42,229.6,130288
MP00000665,2026-08-10,INS0065,STK065,425.51,426.96,423.8,426.64,309967
MP00000666,2026-08-10,INS0066,STK066,297.24,302.0,295.73,295.91,143021
MP00000667,2026-08-10,INS0067,STK067,120.02,121.17,119.63,120.31,288652
MP00000668,2026-08-10,INS0068,STK068,586.42,591.44,585.98,590.62,410145
MP00000669,2026-08-10,INS0069,STK069,321.22,322.6,318.92,321.17,466791
MP00000670,2026-08-10,INS0070,STK070,474.47,477.52,474.32,474.49,174982
MP00000671,2026-08-10,INS0071,STK071,231.78,233.67,229.92,230.07,377353
MP00000672,2026-08-10,INS0072,STK072,350.67,352.99,349.52,352.01,367883
MP00000673,2026-08-10,INS0073,STK073,1473.48,1490.73,1452.75,1464.31,466610
MP00000674,2026-08-10,INS0074,STK074,498.61,501.41,493.81,496.0,207745
MP00000675,2026-08-10,INS0075,STK075,670.22,679.25,668.56,673.24,194681
MP00000676,2026-08-10,INS0076,STK076,171.94,175.05,171.25,172.89,313479
MP00000677,2026-08-10,INS0077,STK077,2811.64,2829.75,2790.42,2801.02,36819
MP00000678,2026-08-10,INS0078,STK078,1769.34,1783.93,1765.33,1771.45,166215
MP00000679,2026-08-10,INS0079,STK079,1249.39,1250.82,1246.28,1250.79,414301
MP00000680,2026-08-10,INS0080,STK080,851.98,855.07,848.43,854.85,467291
MP00000681,2026-08-10,INS0081,STK081,450.24,450.87,447.05,448.95,139394
MP00000682,2026-08-10,INS0082,STK082,595.77,599.63,593.6,593.92,264599
MP00000683,2026-08-10,INS0083,STK083,1003.47,1010.74,994.48,1008.84,52923
MP00000684,2026-08-10,INS0084,STK084,285.8,286.76,284.99,285.05,450612
MP00000685,2026-08-10,INS0085,STK085,317.14,321.28,314.99,317.1,389517
MP00000686,2026-08-10,INS0086,STK086,126.1,126.14,125.76,125.95,30323
MP00000687,2026-08-10,INS0087,STK087,252.01,253.03,251.33,252.55,322499
MP00000688,2026-08-10,INS0088,STK088,1575.53,1592.78,1566.72,1577.9,358622
MP00000689,2026-08-10,INS0089,STK089,335.55,336.73,332.53,334.24,270228
MP00000690,2026-08-10,INS0090,STK090,341.33,345.63,340.19,342.28,381030
MP00000691,2026-08-10,INS0091,STK091,557.13,557.44,552.86,557.11,48057
MP00000692,2026-08-10,INS0092,STK092,128.99,130.7,128.75,129.59,279289
MP00000693,2026-08-10,INS0093,STK093,890.58,895.79,875.7,892.18,217097
MP00000694,2026-08-10,INS0094,STK094,1163.39,1164.41,1148.58,1158.29,66815
MP00000695,2026-08-10,INS0095,STK095,596.18,598.3,595.34,597.88,340048
MP00000696,2026-08-10,INS0096,STK096,1516.91,1536.18,1510.81,1522.62,87088
MP00000697,2026-08-10,INS0097,STK097,166.74,168.65,165.87,168.03,244907
MP00000698,2026-08-10,INS0098,STK098,1856.52,1866.26,1837.72,1846.58,387207
MP00000699,2026-08-10,INS0099,STK099,259.91,263.12,258.21,259.08,498241
MP00000700,2026-08-10,INS0100,STK100,174.56,177.81,173.61,174.67,472748
MP00000701,2026-08-10,INS0101,STK101,369.1,372.44,364.94,369.98,168539
MP00000702,2026-08-10,INS0102,STK102,1855.92,1868.7,1833.48,1857.51,367855
MP00000703,2026-08-10,INS0103,STK103,442.64,444.94,441.28,442.54,137521
MP00000704,2026-08-10,INS0104,STK104,220.99,222.78,216.24,219.52,387336
MP00000705,2026-08-10,INS0105,STK105,171.89,174.75,170.18,171.94,72157
MP00000706,2026-08-10,INS0106,STK106,413.6,418.66,411.26,412.58,134288
MP00000707,2026-08-10,INS0107,STK107,99.48,99.65,99.42,99.57,425794
MP00000708,2026-08-10,INS0108,STK108,175.81,176.29,175.6,176.02,328531
MP00000709,2026-08-10,INS0109,STK109,1417.09,1433.51,1406.78,1416.1,142773
MP00000710,2026-08-10,INS0110,STK110,1201.17,1217.45,1198.88,1210.88,379841
MP00000711,2026-08-10,INS0111,STK111,397.7,401.18,396.79,399.22,279417
MP00000712,2026-08-10,INS0112,STK112,314.08,315.15,313.42,314.02,224096
MP00000713,2026-08-10,INS0113,STK113,465.42,469.37,458.56,463.67,272063
MP00000714,2026-08-10,INS0114,STK114,2670.45,2696.57,2669.74,2688.86,56105
MP00000715,2026-08-10,INS0115,STK115,594.3,603.31,591.88,600.79,194885
MP00000716,2026-08-10,INS0116,STK116,891.93,897.01,882.44,893.12,149344
MP00000717,2026-08-10,INS0117,STK117,402.74,403.14,399.45,401.9,499058
MP00000718,2026-08-10,INS0118,STK118,459.45,460.91,453.82,457.53,474911
MP00000719,2026-08-10,INS0119,STK119,756.89,758.8,754.21,755.61,78602
MP00000720,2026-08-10,INS0120,STK120,473.55,475.19,469.2,473.86,269925
MP00000721,2026-08-11,INS0001,STK001,503.89,509.44,503.3,507.02,459450
MP00000722,2026-08-11,INS0002,STK002,185.07,186.07,183.86,184.11,172187
MP00000723,2026-08-11,INS0003,STK003,974.76,978.89,973.39,976.86,83366
MP00000724,2026-08-11,INS0004,STK004,1281.57,1296.43,1279.03,1283.45,475514
MP00000725,2026-08-11,INS0005,STK005,780.41,785.28,775.33,779.23,234491
MP00000726,2026-08-11,INS0006,STK006,219.0,220.97,217.62,219.32,126770
MP00000727,2026-08-11,INS0007,STK007,256.55,257.79,256.08,257.72,124300
MP00000728,2026-08-11,INS0008,STK008,193.15,195.97,192.88,194.35,172776
MP00000729,2026-08-11,INS0009,STK009,813.02,819.8,809.86,814.14,278718
MP00000730,2026-08-11,INS0010,STK010,1139.04,1143.17,1132.42,1137.34,25909
MP00000731,2026-08-11,INS0011,STK011,616.71,618.92,615.0,615.49,414494
MP00000732,2026-08-11,INS0012,STK012,867.59,881.15,863.82,871.33,327559
MP00000733,2026-08-11,INS0013,STK013,234.11,236.46,233.47,235.09,323241
MP00000734,2026-08-11,INS0014,STK014,500.98,505.89,498.65,502.5,235295
MP00000735,2026-08-11,INS0015,STK015,163.66,164.43,161.48,162.7,226311
MP00000736,2026-08-11,INS0016,STK016,263.25,264.34,261.71,264.28,26740
MP00000737,2026-08-11,INS0017,STK017,867.44,870.3,864.97,869.03,468189
MP00000738,2026-08-11,INS0018,STK018,382.46,384.06,376.05,381.38,99342
MP00000739,2026-08-11,INS0019,STK019,1098.45,1108.52,1086.41,1098.16,54308
MP00000740,2026-08-11,INS0020,STK020,680.58,688.48,671.85,674.42,171860
MP00000741,2026-08-11,INS0021,STK021,3588.3,3594.79,3584.04,3584.83,434986
MP00000742,2026-08-11,INS0022,STK022,485.21,490.09,484.66,488.59,254413
MP00000743,2026-08-11,INS0023,STK023,154.83,155.64,154.14,155.08,171386
MP00000744,2026-08-11,INS0024,STK024,420.08,422.21,415.99,419.22,23919
MP00000745,2026-08-11,INS0025,STK025,208.81,211.35,207.66,209.56,379591
MP00000746,2026-08-11,INS0026,STK026,911.25,918.27,906.74,910.79,37738
MP00000747,2026-08-11,INS0027,STK027,460.6,463.07,456.57,460.1,182624
MP00000748,2026-08-11,INS0028,STK028,402.09,405.37,398.44,402.55,93360
MP00000749,2026-08-11,INS0029,STK029,414.35,415.52,408.32,411.5,476783
MP00000750,2026-08-11,INS0030,STK030,785.25,788.42,779.57,786.84,369493
MP00000751,2026-08-11,INS0031,STK031,324.69,325.56,319.8,322.13,112903
MP00000752,2026-08-11,INS0032,STK032,792.29,798.94,788.7,791.83,351466
MP00000753,2026-08-11,INS0033,STK033,977.01,979.34,969.33,974.78,346239
MP00000754,2026-08-11,INS0034,STK034,342.92,346.0,341.69,342.38,300358
MP00000755,2026-08-11,INS0035,STK035,226.16,226.78,225.39,225.68,10944
MP00000756,2026-08-11,INS0036,STK036,304.98,305.47,304.78,305.23,218920
MP00000757,2026-08-11,INS0037,STK037,780.71,786.43,780.5,784.8,356990
MP00000758,2026-08-11,INS0038,STK038,472.22,477.42,470.16,475.71,300911
MP00000759,2026-08-11,INS0039,STK039,739.7,743.59,733.49,733.66,181915
MP00000760,2026-08-11,INS0040,STK040,1718.99,1726.96,1691.42,1708.49,410593
MP00000761,2026-08-11,INS0041,STK041,530.6,535.36,527.17,528.91,93697
MP00000762,2026-08-11,INS0042,STK042,254.63,255.6,253.47,253.57,362868
MP00000763,2026-08-11,INS0043,STK043,973.06,976.58,964.87,975.0,371085
MP00000764,2026-08-11,INS0044,STK044,477.96,478.02,475.58,476.29,240487
MP00000765,2026-08-11,INS0045,STK045,845.56,856.86,843.65,853.73,190926
MP00000766,2026-08-11,INS0046,STK046,949.42,955.69,946.47,950.76,307429
MP00000767,2026-08-11,INS0047,STK047,219.89,220.89,219.72,220.14,314587
MP00000768,2026-08-11,INS0048,STK048,1294.98,1301.65,1287.8,1298.06,145024
MP00000769,2026-08-11,INS0049,STK049,884.1,886.52,882.62,884.65,490001
MP00000770,2026-08-11,INS0050,STK050,283.47,283.82,279.68,282.59,31292
MP00000771,2026-08-11,INS0051,STK051,567.04,575.34,564.73,570.5,67732
MP00000772,2026-08-11,INS0052,STK052,581.53,583.13,579.66,581.32,402248
MP00000773,2026-08-11,INS0053,STK053,460.16,464.55,456.83,459.22,495301
MP00000774,2026-08-11,INS0054,STK054,881.16,885.51,876.54,879.38,492209
MP00000775,2026-08-11,INS0055,STK055,1337.28,1340.59,1327.17,1339.17,320001
MP00000776,2026-08-11,INS0056,STK056,448.22,451.39,441.51,444.58,251443
MP00000777,2026-08-11,INS0057,STK057,1223.12,1229.18,1208.63,1224.77,169996
MP00000778,2026-08-11,INS0058,STK058,933.92,940.95,926.06,937.08,250660
MP00000779,2026-08-11,INS0059,STK059,539.11,540.98,532.22,538.63,27241
MP00000780,2026-08-11,INS0060,STK060,510.58,521.46,509.98,514.52,308517
MP00000781,2026-08-11,INS0061,STK061,186.94,187.8,186.36,187.39,17274
MP00000782,2026-08-11,INS0062,STK062,143.54,144.38,143.01,144.07,211081
MP00000783,2026-08-11,INS0063,STK063,515.22,517.86,511.42,515.92,355250
MP00000784,2026-08-11,INS0064,STK064,231.02,234.17,230.52,230.6,196131
MP00000785,2026-08-11,INS0065,STK065,430.27,431.44,429.0,430.48,177364
MP00000786,2026-08-11,INS0066,STK066,295.76,299.46,295.06,297.03,61818
MP00000787,2026-08-11,INS0067,STK067,119.81,119.89,118.45,118.98,176052
MP00000788,2026-08-11,INS0068,STK068,595.76,598.11,595.06,595.52,222650
MP00000789,2026-08-11,INS0069,STK069,317.23,318.37,315.47,318.25,235226
MP00000790,2026-08-11,INS0070,STK070,479.65,481.69,473.17,476.82,375537
MP00000791,2026-08-11,INS0071,STK071,225.89,228.96,224.55,228.05,103542
MP00000792,2026-08-11,INS0072,STK072,347.63,350.94,345.93,349.84,404969
MP00000793,2026-08-11,INS0073,STK073,1458.84,1459.7,1451.53,1453.15,459570
MP00000794,2026-08-11,INS0074,STK074,497.72,502.61,493.58,496.55,477720
MP00000795,2026-08-11,INS0075,STK075,672.43,674.2,670.06,672.19,303238
MP00000796,2026-08-11,INS0076,STK076,172.85,174.14,172.4,173.6,116683
MP00000797,2026-08-11,INS0077,STK077,2800.24,2809.3,2776.88,2800.61,299884
MP00000798,2026-08-11,INS0078,STK078,1759.3,1773.46,1741.14,1750.07,284025
MP00000799,2026-08-11,INS0079,STK079,1257.27,1269.94,1250.98,1253.55,54989
MP00000800,2026-08-11,INS0080,STK080,849.37,855.4,841.82,842.88,377808
MP00000801,2026-08-11,INS0081,STK081,445.15,448.98,444.77,445.79,351653
MP00000802,2026-08-11,INS0082,STK082,590.96,595.0,589.22,592.2,318509
MP00000803,2026-08-11,INS0083,STK083,1006.81,1017.2,1003.18,1005.35,143909
MP00000804,2026-08-11,INS0084,STK084,279.94,282.51,277.96,281.32,115025
MP00000805,2026-08-11,INS0085,STK085,321.08,322.22,317.73,320.6,54397
MP00000806,2026-08-11,INS0086,STK086,127.29,127.66,126.61,127.62,435751
MP00000807,2026-08-11,INS0087,STK087,258.37,259.4,257.1,257.14,207241
MP00000808,2026-08-11,INS0088,STK088,1601.17,1601.49,1592.14,1592.45,72508
MP00000809,2026-08-11,INS0089,STK089,333.68,334.15,332.34,333.18,135349
MP00000810,2026-08-11,INS0090,STK090,342.26,345.64,339.99,341.16,420738
MP00000811,2026-08-11,INS0091,STK091,558.25,560.46,549.79,555.02,90781
MP00000812,2026-08-11,INS0092,STK092,131.11,132.84,130.79,131.67,91219
MP00000813,2026-08-11,INS0093,STK093,887.5,893.3,884.09,891.36,65114
MP00000814,2026-08-11,INS0094,STK094,1171.6,1173.26,1167.07,1170.12,131284
MP00000815,2026-08-11,INS0095,STK095,602.7,603.78,601.85,603.61,40921
MP00000816,2026-08-11,INS0096,STK096,1502.6,1525.09,1494.4,1524.93,27601
MP00000817,2026-08-11,INS0097,STK097,166.82,167.49,163.66,166.09,245572
MP00000818,2026-08-11,INS0098,STK098,1851.37,1863.52,1810.95,1845.2,249691
MP00000819,2026-08-11,INS0099,STK099,258.55,260.52,254.33,259.39,14841
MP00000820,2026-08-11,INS0100,STK100,177.06,177.22,176.18,176.47,383832
MP00000821,2026-08-11,INS0101,STK101,368.76,372.01,367.19,370.04,262508
MP00000822,2026-08-11,INS0102,STK102,1832.52,1845.35,1803.22,1839.64,174434
MP00000823,2026-08-11,INS0103,STK103,444.1,447.02,440.28,446.06,247230
MP00000824,2026-08-11,INS0104,STK104,217.52,222.54,217.0,219.12,220323
MP00000825,2026-08-11,INS0105,STK105,168.54,170.63,168.25,168.47,100073
MP00000826,2026-08-11,INS0106,STK106,415.81,421.71,411.12,413.65,423870
MP00000827,2026-08-11,INS0107,STK107,100.41,100.65,99.93,99.97,191644
MP00000828,2026-08-11,INS0108,STK108,175.17,176.32,174.06,174.83,40105
MP00000829,2026-08-11,INS0109,STK109,1405.34,1416.42,1403.48,1413.92,330359
MP00000830,2026-08-11,INS0110,STK110,1225.44,1229.84,1213.0,1217.27,104835
MP00000831,2026-08-11,INS0111,STK111,401.72,403.26,397.81,400.28,304957
MP00000832,2026-08-11,INS0112,STK112,309.52,312.26,309.52,310.12,48485
MP00000833,2026-08-11,INS0113,STK113,467.56,470.11,467.25,468.35,318068
MP00000834,2026-08-11,INS0114,STK114,2709.01,2729.03,2698.44,2725.82,188475
MP00000835,2026-08-11,INS0115,STK115,597.83,603.88,594.26,598.34,404861
MP00000836,2026-08-11,INS0116,STK116,882.76,885.24,874.48,879.58,60151
MP00000837,2026-08-11,INS0117,STK117,403.48,405.67,402.99,404.39,427725
MP00000838,2026-08-11,INS0118,STK118,458.09,458.78,451.83,455.07,109919
MP00000839,2026-08-11,INS0119,STK119,761.99,768.43,756.82,758.85,486495
MP00000840,2026-08-11,INS0120,STK120,483.92,487.55,478.47,482.28,145501
MP00000841,2026-08-12,INS0001,STK001,502.83,507.74,501.99,506.22,341004
MP00000842,2026-08-12,INS0002,STK002,185.65,187.07,184.19,184.92,352543
MP00000843,2026-08-12,INS0003,STK003,974.17,978.62,962.46,976.71,34815
MP00000844,2026-08-12,INS0004,STK004,1271.88,1283.1,1264.49,1273.44,366686
MP00000845,2026-08-12,INS0005,STK005,771.4,775.68,771.11,774.69,264200
MP00000846,2026-08-12,INS0006,STK006,221.32,224.05,220.36,220.56,205630
MP00000847,2026-08-12,INS0007,STK007,257.04,257.92,252.98,255.86,374745
MP00000848,2026-08-12,INS0008,STK008,192.64,193.98,191.28,193.09,93251
MP00000849,2026-08-12,INS0009,STK009,820.79,822.76,815.96,819.06,361169
MP00000850,2026-08-12,INS0010,STK010,1145.42,1149.42,1135.83,1138.56,438106
MP00000851,2026-08-12,INS0011,STK011,621.38,622.31,618.24,618.34,245718
MP00000852,2026-08-12,INS0012,STK012,862.97,863.3,855.75,862.8,435716
MP00000853,2026-08-12,INS0013,STK013,237.62,239.7,235.83,236.13,412854
MP00000854,2026-08-12,INS0014,STK014,497.85,501.6,497.05,499.85,178082
MP00000855,2026-08-12,INS0015,STK015,160.52,161.88,158.57,161.38,99023
MP00000856,2026-08-12,INS0016,STK016,262.97,263.55,260.88,263.22,266349
MP00000857,2026-08-12,INS0017,STK017,878.47,882.03,876.07,878.55,184904
MP00000858,2026-08-12,INS0018,STK018,379.1,383.33,378.0,380.27,463814
MP00000859,2026-08-12,INS0019,STK019,1114.35,1121.47,1113.12,1117.68,121186
MP00000860,2026-08-12,INS0020,STK020,664.19,669.19,660.65,663.38,384319
MP00000861,2026-08-12,INS0021,STK021,3551.85,3573.38,3535.2,3540.76,271025
MP00000862,2026-08-12,INS0022,STK022,498.83,499.84,493.79,493.79,133447
MP00000863,2026-08-12,INS0023,STK023,156.82,157.28,156.11,157.05,343447
MP00000864,2026-08-12,INS0024,STK024,415.41,416.68,413.75,416.33,437894
MP00000865,2026-08-12,INS0025,STK025,209.1,210.27,207.46,209.68,397064
MP00000866,2026-08-12,INS0026,STK026,920.29,922.76,915.97,915.99,265745
MP00000867,2026-08-12,INS0027,STK027,459.81,461.85,457.16,459.26,65904
MP00000868,2026-08-12,INS0028,STK028,402.55,404.22,401.68,403.03,274997
MP00000869,2026-08-12,INS0029,STK029,412.05,415.72,410.03,411.53,346071
MP00000870,2026-08-12,INS0030,STK030,781.77,782.87,777.27,777.57,206914
MP00000871,2026-08-12,INS0031,STK031,322.41,322.59,319.91,321.24,349233
MP00000872,2026-08-12,INS0032,STK032,784.04,796.95,781.49,791.9,152645
MP00000873,2026-08-12,INS0033,STK033,967.92,977.27,959.53,975.58,279006
MP00000874,2026-08-12,INS0034,STK034,338.27,341.49,337.08,337.67,247011
MP00000875,2026-08-12,INS0035,STK035,227.07,229.32,226.35,227.05,53021
MP00000876,2026-08-12,INS0036,STK036,306.96,308.5,304.87,305.54,262646
MP00000877,2026-08-12,INS0037,STK037,777.36,784.69,771.06,778.2,158430
MP00000878,2026-08-12,INS0038,STK038,486.67,489.42,480.37,482.6,452037
MP00000879,2026-08-12,INS0039,STK039,736.05,739.5,725.08,731.63,321760
MP00000880,2026-08-12,INS0040,STK040,1701.36,1718.31,1690.43,1704.65,43055
MP00000881,2026-08-12,INS0041,STK041,533.83,535.04,530.34,531.63,41817
MP00000882,2026-08-12,INS0042,STK042,258.59,259.99,255.77,257.42,458995
MP00000883,2026-08-12,INS0043,STK043,981.05,981.31,972.89,980.33,308325
MP00000884,2026-08-12,INS0044,STK044,477.51,480.98,471.66,479.45,89522
MP00000885,2026-08-12,INS0045,STK045,843.77,849.48,843.4,846.91,30557
MP00000886,2026-08-12,INS0046,STK046,958.64,963.28,944.67,951.42,268815
MP00000887,2026-08-12,INS0047,STK047,218.51,219.5,217.9,219.2,119367
MP00000888,2026-08-12,INS0048,STK048,1303.85,1306.98,1302.19,1305.39,266055
MP00000889,2026-08-12,INS0049,STK049,896.16,901.05,886.53,890.31,109811
MP00000890,2026-08-12,INS0050,STK050,288.85,292.89,285.87,286.31,498279
MP00000891,2026-08-12,INS0051,STK051,562.68,569.19,559.1,560.73,287941
MP00000892,2026-08-12,INS0052,STK052,578.52,580.72,577.73,578.4,286383
MP00000893,2026-08-12,INS0053,STK053,464.21,468.38,463.15,464.02,101665
MP00000894,2026-08-12,INS0054,STK054,873.17,873.65,862.7,869.57,400575
MP00000895,2026-08-12,INS0055,STK055,1340.08,1351.4,1337.58,1347.83,243208
MP00000896,2026-08-12,INS0056,STK056,448.26,452.27,447.73,448.63,253153
MP00000897,2026-08-12,INS0057,STK057,1212.86,1228.64,1199.68,1224.49,456015
MP00000898,2026-08-12,INS0058,STK058,922.97,927.09,917.07,926.48,328207
MP00000899,2026-08-12,INS0059,STK059,538.19,541.89,535.84,538.1,73924
MP00000900,2026-08-12,INS0060,STK060,519.37,526.49,518.06,520.56,375130
MP00000901,2026-08-12,INS0061,STK061,190.79,191.69,189.34,189.71,358523
MP00000902,2026-08-12,INS0062,STK062,145.46,145.87,144.06,144.31,343862
MP00000903,2026-08-12,INS0063,STK063,514.36,514.41,511.71,511.9,23672
MP00000904,2026-08-12,INS0064,STK064,233.89,236.7,233.51,233.83,257795
MP00000905,2026-08-12,INS0065,STK065,434.97,437.03,431.68,433.32,128194
MP00000906,2026-08-12,INS0066,STK066,294.04,297.23,293.24,294.87,167234
MP00000907,2026-08-12,INS0067,STK067,118.88,119.65,118.44,119.31,360438
MP00000908,2026-08-12,INS0068,STK068,595.44,597.54,589.17,596.94,437443
MP00000909,2026-08-12,INS0069,STK069,316.87,318.75,316.43,316.63,350773
MP00000910,2026-08-12,INS0070,STK070,478.44,482.09,478.13,478.15,260396
MP00000911,2026-08-12,INS0071,STK071,230.32,231.18,227.58,230.07,19466
MP00000912,2026-08-12,INS0072,STK072,349.57,352.52,345.26,349.01,85955
MP00000913,2026-08-12,INS0073,STK073,1475.14,1490.72,1461.35,1467.26,282827
MP00000914,2026-08-12,INS0074,STK074,493.67,497.93,488.38,489.63,144801
MP00000915,2026-08-12,INS0075,STK075,683.45,684.42,677.81,684.23,245486
MP00000916,2026-08-12,INS0076,STK076,173.11,175.74,172.83,173.68,447509
MP00000917,2026-08-12,INS0077,STK077,2812.4,2825.25,2805.58,2824.75,267320
MP00000918,2026-08-12,INS0078,STK078,1754.9,1761.85,1751.58,1753.13,209041
MP00000919,2026-08-12,INS0079,STK079,1247.2,1249.09,1241.32,1245.32,297312
MP00000920,2026-08-12,INS0080,STK080,840.65,848.47,834.79,842.63,64240
MP00000921,2026-08-12,INS0081,STK081,439.72,440.24,436.08,439.03,28394
MP00000922,2026-08-12,INS0082,STK082,594.28,596.74,594.1,595.47,52628
MP00000923,2026-08-12,INS0083,STK083,1004.55,1006.93,1001.09,1006.9,392356
MP00000924,2026-08-12,INS0084,STK084,281.01,282.63,277.63,280.89,416521
MP00000925,2026-08-12,INS0085,STK085,322.52,322.71,320.98,322.53,433840
MP00000926,2026-08-12,INS0086,STK086,128.27,128.4,126.94,127.66,115494
MP00000927,2026-08-12,INS0087,STK087,258.52,259.02,258.13,258.39,279578
MP00000928,2026-08-12,INS0088,STK088,1601.65,1615.74,1590.31,1604.76,139473
MP00000929,2026-08-12,INS0089,STK089,332.42,333.6,329.35,331.72,52597
MP00000930,2026-08-12,INS0090,STK090,339.09,339.5,338.53,338.88,492757
MP00000931,2026-08-12,INS0091,STK091,547.89,549.27,541.9,547.43,453888
MP00000932,2026-08-12,INS0092,STK092,131.43,132.02,129.99,131.8,413169
MP00000933,2026-08-12,INS0093,STK093,891.69,895.15,889.73,894.59,439876
MP00000934,2026-08-12,INS0094,STK094,1164.2,1167.65,1147.5,1157.79,285871
MP00000935,2026-08-12,INS0095,STK095,611.64,618.34,607.51,610.5,194972
MP00000936,2026-08-12,INS0096,STK096,1505.79,1517.33,1500.74,1514.93,149374
MP00000937,2026-08-12,INS0097,STK097,162.85,164.87,161.61,163.32,410880
MP00000938,2026-08-12,INS0098,STK098,1866.12,1873.1,1834.82,1867.4,244841
MP00000939,2026-08-12,INS0099,STK099,255.32,255.71,253.14,255.32,37603
MP00000940,2026-08-12,INS0100,STK100,177.94,178.74,177.71,177.83,224117
MP00000941,2026-08-12,INS0101,STK101,373.97,375.51,371.1,372.18,281261
MP00000942,2026-08-12,INS0102,STK102,1839.31,1857.2,1834.49,1844.35,190685
MP00000943,2026-08-12,INS0103,STK103,446.09,447.59,440.71,444.19,490875
MP00000944,2026-08-12,INS0104,STK104,220.2,220.2,219.81,220.0,239901
MP00000945,2026-08-12,INS0105,STK105,170.17,171.11,167.93,169.89,370462
MP00000946,2026-08-12,INS0106,STK106,409.06,411.18,408.42,410.41,91748
MP00000947,2026-08-12,INS0107,STK107,101.02,102.1,100.74,100.76,81540
MP00000948,2026-08-12,INS0108,STK108,174.99,176.82,172.8,176.14,262915
MP00000949,2026-08-12,INS0109,STK109,1414.74,1425.06,1402.62,1417.24,357127
MP00000950,2026-08-12,INS0110,STK110,1203.04,1221.47,1202.81,1212.04,126779
MP00000951,2026-08-12,INS0111,STK111,400.88,407.21,398.03,403.29,210401
MP00000952,2026-08-12,INS0112,STK112,313.44,314.59,308.47,311.38,315617
MP00000953,2026-08-12,INS0113,STK113,465.0,465.58,462.85,464.56,158672
MP00000954,2026-08-12,INS0114,STK114,2718.74,2723.64,2715.45,2717.82,482099
MP00000955,2026-08-12,INS0115,STK115,597.2,605.79,595.7,602.28,196757
MP00000956,2026-08-12,INS0116,STK116,876.85,881.56,869.84,880.39,326643
MP00000957,2026-08-12,INS0117,STK117,406.63,409.53,404.26,407.91,105930
MP00000958,2026-08-12,INS0118,STK118,451.47,454.53,450.79,453.83,187836
MP00000959,2026-08-12,INS0119,STK119,750.7,759.42,745.67,752.8,77471
MP00000960,2026-08-12,INS0120,STK120,490.41,491.35,488.54,490.82,93205
MP00000961,2026-08-13,INS0001,STK001,500.4,503.54,498.55,503.19,15452
MP00000962,2026-08-13,INS0002,STK002,186.37,187.82,186.12,187.21,489274
MP00000963,2026-08-13,INS0003,STK003,978.01,980.07,971.25,974.58,249004
MP00000964,2026-08-13,INS0004,STK004,1296.07,1298.43,1290.31,1294.09,257688
MP00000965,2026-08-13,INS0005,STK005,761.07,771.97,757.5,764.62,134451
MP00000966,2026-08-13,INS0006,STK006,220.1,220.4,220.08,220.08,189289
MP00000967,2026-08-13,INS0007,STK007,256.38,256.74,255.4,255.55,114959
MP00000968,2026-08-13,INS0008,STK008,193.27,193.51,192.91,193.03,369947
MP00000969,2026-08-13,INS0009,STK009,832.56,838.5,819.67,823.77,114132
MP00000970,2026-08-13,INS0010,STK010,1173.3,1179.43,1166.73,1169.94,70664
MP00000971,2026-08-13,INS0011,STK011,624.52,625.81,617.48,620.6,406608
MP00000972,2026-08-13,INS0012,STK012,866.07,868.62,849.27,862.97,300232
MP00000973,2026-08-13,INS0013,STK013,234.48,234.74,233.6,234.07,223766
MP00000974,2026-08-13,INS0014,STK014,492.97,500.47,492.1,492.35,148939
MP00000975,2026-08-13,INS0015,STK015,163.78,166.11,160.89,162.9,207977
MP00000976,2026-08-13,INS0016,STK016,260.29,263.63,258.84,262.07,111069
MP00000977,2026-08-13,INS0017,STK017,904.68,911.87,892.64,897.04,325414
MP00000978,2026-08-13,INS0018,STK018,381.37,386.74,380.77,382.92,217831
MP00000979,2026-08-13,INS0019,STK019,1118.27,1124.16,1116.34,1120.73,394934
MP00000980,2026-08-13,INS0020,STK020,667.99,668.48,663.26,665.48,432888
MP00000981,2026-08-13,INS0021,STK021,3546.06,3587.61,3537.54,3552.22,180608
MP00000982,2026-08-13,INS0022,STK022,487.47,492.43,484.99,491.06,320075
MP00000983,2026-08-13,INS0023,STK023,154.69,155.01,154.54,154.87,381467
MP00000984,2026-08-13,INS0024,STK024,414.82,415.26,414.26,414.5,459597
MP00000985,2026-08-13,INS0025,STK025,211.14,212.72,207.08,209.65,404727
MP00000986,2026-08-13,INS0026,STK026,913.0,920.03,905.16,911.25,493557
MP00000987,2026-08-13,INS0027,STK027,453.25,457.98,452.97,454.56,219870
MP00000988,2026-08-13,INS0028,STK028,401.58,403.45,397.93,400.63,52176
MP00000989,2026-08-13,INS0029,STK029,416.1,417.25,413.67,414.96,161744
MP00000990,2026-08-13,INS0030,STK030,779.9,784.39,774.73,782.24,83352
MP00000991,2026-08-13,INS0031,STK031,321.77,322.4,321.0,321.68,13512
MP00000992,2026-08-13,INS0032,STK032,794.29,798.73,791.04,795.63,357786
MP00000993,2026-08-13,INS0033,STK033,966.69,973.58,957.57,966.79,197232
MP00000994,2026-08-13,INS0034,STK034,333.53,335.84,330.42,335.53,45548
MP00000995,2026-08-13,INS0035,STK035,227.27,228.14,224.93,227.61,495417
MP00000996,2026-08-13,INS0036,STK036,303.23,305.31,299.29,303.1,400812
MP00000997,2026-08-13,INS0037,STK037,781.92,785.82,776.01,778.88,70263
MP00000998,2026-08-13,INS0038,STK038,477.75,480.26,475.32,477.75,93323
MP00000999,2026-08-13,INS0039,STK039,725.5,733.28,720.9,722.04,264522
MP00001000,2026-08-13,INS0040,STK040,1699.73,1714.72,1699.2,1714.72,300692
MP00001001,2026-08-13,INS0041,STK041,533.08,537.0,529.73,536.02,419420
MP00001002,2026-08-13,INS0042,STK042,255.27,256.61,250.8,256.13,472753
MP00001003,2026-08-13,INS0043,STK043,971.78,971.81,962.46,968.47,365113
MP00001004,2026-08-13,INS0044,STK044,472.86,476.51,469.25,471.05,104266
MP00001005,2026-08-13,INS0045,STK045,856.3,866.13,853.05,859.49,366554
MP00001006,2026-08-13,INS0046,STK046,956.58,962.57,948.9,952.27,316297
MP00001007,2026-08-13,INS0047,STK047,216.62,219.52,216.2,218.14,99049
MP00001008,2026-08-13,INS0048,STK048,1302.7,1308.31,1282.12,1301.6,120090
MP00001009,2026-08-13,INS0049,STK049,875.88,879.45,869.16,876.78,446417
MP00001010,2026-08-13,INS0050,STK050,287.05,288.94,285.18,287.73,264232
MP00001011,2026-08-13,INS0051,STK051,571.23,577.05,568.64,569.78,180951
MP00001012,2026-08-13,INS0052,STK052,576.27,579.46,570.55,574.79,340243
MP00001013,2026-08-13,INS0053,STK053,473.69,475.78,471.66,472.96,288586
MP00001014,2026-08-13,INS0054,STK054,868.78,876.12,867.55,868.76,287768
MP00001015,2026-08-13,INS0055,STK055,1371.09,1372.58,1363.04,1365.92,350327
MP00001016,2026-08-13,INS0056,STK056,453.62,456.6,449.5,449.73,322946
MP00001017,2026-08-13,INS0057,STK057,1223.05,1228.32,1220.18,1227.49,366737
MP00001018,2026-08-13,INS0058,STK058,937.2,946.79,937.08,940.25,451802
MP00001019,2026-08-13,INS0059,STK059,540.04,544.39,534.32,541.48,146031
MP00001020,2026-08-13,INS0060,STK060,523.13,532.19,520.41,522.13,11301
MP00001021,2026-08-13,INS0061,STK061,186.68,187.25,186.66,186.79,199432
MP00001022,2026-08-13,INS0062,STK062,142.02,143.07,141.52,142.58,42735
MP00001023,2026-08-13,INS0063,STK063,509.17,515.11,508.63,513.78,75488
MP00001024,2026-08-13,INS0064,STK064,236.0,237.83,234.83,236.59,196988
MP00001025,2026-08-13,INS0065,STK065,432.16,434.03,431.69,433.76,399724
MP00001026,2026-08-13,INS0066,STK066,294.21,297.95,291.28,293.48,43939
MP00001027,2026-08-13,INS0067,STK067,118.48,118.58,117.5,117.57,81745
MP00001028,2026-08-13,INS0068,STK068,592.74,596.46,589.64,593.21,145148
MP00001029,2026-08-13,INS0069,STK069,318.58,321.6,316.19,316.97,130120
MP00001030,2026-08-13,INS0070,STK070,474.3,476.59,471.26,474.89,475705
MP00001031,2026-08-13,INS0071,STK071,228.87,230.43,226.36,228.31,239995
MP00001032,2026-08-13,INS0072,STK072,351.32,352.56,348.44,348.87,242380
MP00001033,2026-08-13,INS0073,STK073,1477.65,1489.5,1455.81,1484.37,35741
MP00001034,2026-08-13,INS0074,STK074,492.1,493.72,492.0,492.32,287533
MP00001035,2026-08-13,INS0075,STK075,683.63,688.64,682.46,685.79,229365
MP00001036,2026-08-13,INS0076,STK076,174.77,175.56,173.07,173.94,163043
MP00001037,2026-08-13,INS0077,STK077,2823.31,2846.48,2817.27,2837.23,119062
MP00001038,2026-08-13,INS0078,STK078,1761.88,1763.22,1745.13,1751.59,152063
MP00001039,2026-08-13,INS0079,STK079,1248.78,1257.37,1232.95,1241.23,80320
MP00001040,2026-08-13,INS0080,STK080,843.68,851.27,842.35,847.63,179290
MP00001041,2026-08-13,INS0081,STK081,436.0,440.35,432.5,438.24,145064
MP00001042,2026-08-13,INS0082,STK082,590.31,596.03,587.11,589.83,263805
MP00001043,2026-08-13,INS0083,STK083,1020.57,1026.67,1009.68,1018.6,330961
MP00001044,2026-08-13,INS0084,STK084,276.02,278.03,275.53,276.72,467183
MP00001045,2026-08-13,INS0085,STK085,326.82,327.76,325.86,326.48,253626
MP00001046,2026-08-13,INS0086,STK086,127.66,128.78,126.76,128.18,169327
MP00001047,2026-08-13,INS0087,STK087,256.04,257.52,254.47,256.4,467725
MP00001048,2026-08-13,INS0088,STK088,1610.53,1619.9,1602.8,1605.07,341324
MP00001049,2026-08-13,INS0089,STK089,332.75,334.46,327.47,330.59,451157
MP00001050,2026-08-13,INS0090,STK090,341.7,344.0,337.87,341.08,431128
MP00001051,2026-08-13,INS0091,STK091,551.67,555.63,549.24,550.89,66690
MP00001052,2026-08-13,INS0092,STK092,132.63,133.47,131.6,132.28,407306
MP00001053,2026-08-13,INS0093,STK093,895.91,900.5,886.84,899.94,450990
MP00001054,2026-08-13,INS0094,STK094,1160.58,1168.43,1155.75,1156.73,273254
MP00001055,2026-08-13,INS0095,STK095,620.07,622.96,618.43,619.17,386156
MP00001056,2026-08-13,INS0096,STK096,1516.28,1532.26,1507.6,1529.83,435737
MP00001057,2026-08-13,INS0097,STK097,162.74,163.85,162.59,162.7,249628
MP00001058,2026-08-13,INS0098,STK098,1878.91,1880.34,1877.15,1879.55,68334
MP00001059,2026-08-13,INS0099,STK099,256.25,257.13,256.06,256.81,311152
MP00001060,2026-08-13,INS0100,STK100,178.33,180.03,176.84,177.46,292517
MP00001061,2026-08-13,INS0101,STK101,370.79,372.17,369.65,371.17,85499
MP00001062,2026-08-13,INS0102,STK102,1879.1,1883.51,1846.19,1862.36,368963
MP00001063,2026-08-13,INS0103,STK103,443.15,445.09,442.99,444.14,51848
MP00001064,2026-08-13,INS0104,STK104,221.06,221.21,219.86,220.46,323678
MP00001065,2026-08-13,INS0105,STK105,172.15,172.8,171.54,171.81,193505
MP00001066,2026-08-13,INS0106,STK106,421.55,422.22,416.26,418.81,19597
MP00001067,2026-08-13,INS0107,STK107,100.59,100.68,100.02,100.33,421998
MP00001068,2026-08-13,INS0108,STK108,175.27,176.73,174.3,175.83,382860
MP00001069,2026-08-13,INS0109,STK109,1418.75,1436.62,1403.42,1418.08,430291
MP00001070,2026-08-13,INS0110,STK110,1214.14,1224.36,1211.03,1212.98,374833
MP00001071,2026-08-13,INS0111,STK111,401.97,406.05,401.48,404.51,231163
MP00001072,2026-08-13,INS0112,STK112,309.87,310.53,307.67,310.16,112071
MP00001073,2026-08-13,INS0113,STK113,462.59,464.8,457.63,459.87,299761
MP00001074,2026-08-13,INS0114,STK114,2753.83,2760.2,2747.99,2756.22,133120
MP00001075,2026-08-13,INS0115,STK115,604.99,606.22,597.9,605.23,116093
MP00001076,2026-08-13,INS0116,STK116,876.36,880.32,872.3,877.45,334158
MP00001077,2026-08-13,INS0117,STK117,409.12,410.35,404.79,409.34,284843
MP00001078,2026-08-13,INS0118,STK118,458.35,463.22,454.79,460.53,89183
MP00001079,2026-08-13,INS0119,STK119,751.46,751.93,747.64,748.07,344123
MP00001080,2026-08-13,INS0120,STK120,492.78,497.59,491.1,491.65,414964
MP00001081,2026-08-14,INS0001,STK001,510.76,511.7,504.11,509.0,135611
MP00001082,2026-08-14,INS0002,STK002,185.43,186.75,184.42,185.28,393898
MP00001083,2026-08-14,INS0003,STK003,981.02,991.0,973.9,985.22,188417
MP00001084,2026-08-14,INS0004,STK004,1310.1,1317.02,1301.58,1308.02,410659
MP00001085,2026-08-14,INS0005,STK005,765.59,769.35,762.42,764.74,229699
MP00001086,2026-08-14,INS0006,STK006,221.85,222.77,219.54,221.73,303076
MP00001087,2026-08-14,INS0007,STK007,256.1,257.89,255.42,257.67,355854
MP00001088,2026-08-14,INS0008,STK008,193.13,194.39,192.5,192.64,171704
MP00001089,2026-08-14,INS0009,STK009,816.97,827.84,812.76,822.73,84893
MP00001090,2026-08-14,INS0010,STK010,1181.73,1184.83,1170.17,1175.47,246692
MP00001091,2026-08-14,INS0011,STK011,614.12,617.1,611.43,612.56,440362
MP00001092,2026-08-14,INS0012,STK012,860.04,865.63,848.48,860.53,437060
MP00001093,2026-08-14,INS0013,STK013,232.99,233.88,230.55,231.83,149322
MP00001094,2026-08-14,INS0014,STK014,500.79,503.05,496.45,497.99,104897
MP00001095,2026-08-14,INS0015,STK015,161.64,162.55,160.16,162.42,30239
MP00001096,2026-08-14,INS0016,STK016,263.24,265.08,262.09,262.65,48805
MP00001097,2026-08-14,INS0017,STK017,898.63,902.08,889.97,895.48,287259
MP00001098,2026-08-14,INS0018,STK018,382.03,382.68,381.34,382.05,23621
MP00001099,2026-08-14,INS0019,STK019,1118.92,1126.59,1118.3,1122.63,315242
MP00001100,2026-08-14,INS0020,STK020,662.79,664.24,660.42,661.6,300894
MP00001101,2026-08-14,INS0021,STK021,3544.39,3547.86,3531.5,3546.58,339314
MP00001102,2026-08-14,INS0022,STK022,488.8,491.9,484.1,490.25,241343
MP00001103,2026-08-14,INS0023,STK023,153.97,154.73,153.61,154.34,315033
MP00001104,2026-08-14,INS0024,STK024,413.45,416.57,410.05,415.8,200091
MP00001105,2026-08-14,INS0025,STK025,208.21,209.66,207.77,208.9,243553
MP00001106,2026-08-14,INS0026,STK026,925.48,927.33,915.64,923.08,16416
MP00001107,2026-08-14,INS0027,STK027,456.53,456.97,454.14,456.85,402508
MP00001108,2026-08-14,INS0028,STK028,398.4,398.45,396.09,396.33,436898
MP00001109,2026-08-14,INS0029,STK029,414.21,419.13,414.15,416.79,420646
MP00001110,2026-08-14,INS0030,STK030,778.64,782.54,774.3,777.94,203366
MP00001111,2026-08-14,INS0031,STK031,322.67,326.44,321.73,322.03,412961
MP00001112,2026-08-14,INS0032,STK032,787.34,792.8,782.51,790.99,262134
MP00001113,2026-08-14,INS0033,STK033,950.72,966.05,944.58,949.96,365139
MP00001114,2026-08-14,INS0034,STK034,335.13,336.7,334.61,335.47,425642
MP00001115,2026-08-14,INS0035,STK035,224.84,225.92,224.59,225.02,466014
MP00001116,2026-08-14,INS0036,STK036,306.08,307.52,302.57,304.12,419146
MP00001117,2026-08-14,INS0037,STK037,783.94,784.49,776.31,779.97,34003
MP00001118,2026-08-14,INS0038,STK038,474.95,478.39,470.79,475.45,32205
MP00001119,2026-08-14,INS0039,STK039,734.1,739.29,732.53,732.66,312912
MP00001120,2026-08-14,INS0040,STK040,1700.49,1719.81,1661.7,1697.8,25329
MP00001121,2026-08-14,INS0041,STK041,534.82,535.75,530.65,533.35,156306
MP00001122,2026-08-14,INS0042,STK042,255.95,256.25,252.47,253.84,28242
MP00001123,2026-08-14,INS0043,STK043,989.02,991.28,979.0,984.42,200856
MP00001124,2026-08-14,INS0044,STK044,474.35,476.66,474.25,476.17,472403
MP00001125,2026-08-14,INS0045,STK045,845.46,853.02,832.62,849.76,104176
MP00001126,2026-08-14,INS0046,STK046,941.27,947.04,940.62,946.0,281448
MP00001127,2026-08-14,INS0047,STK047,215.45,217.72,215.2,216.76,49244
MP00001128,2026-08-14,INS0048,STK048,1298.3,1306.34,1290.68,1295.87,197823
MP00001129,2026-08-14,INS0049,STK049,873.58,875.41,867.82,869.5,57419
MP00001130,2026-08-14,INS0050,STK050,285.94,287.88,284.96,286.34,33404
MP00001131,2026-08-14,INS0051,STK051,572.16,575.03,566.77,574.37,345988
MP00001132,2026-08-14,INS0052,STK052,582.54,588.0,581.58,583.81,106226
MP00001133,2026-08-14,INS0053,STK053,465.01,469.41,463.21,467.15,72969
MP00001134,2026-08-14,INS0054,STK054,861.93,862.66,860.0,861.56,242625
MP00001135,2026-08-14,INS0055,STK055,1366.18,1370.83,1363.9,1368.26,359490
MP00001136,2026-08-14,INS0056,STK056,443.92,448.13,442.13,444.08,300111
MP00001137,2026-08-14,INS0057,STK057,1230.65,1245.66,1227.45,1229.85,47049
MP00001138,2026-08-14,INS0058,STK058,947.54,954.72,937.36,944.32,235962
MP00001139,2026-08-14,INS0059,STK059,541.85,549.93,540.48,544.53,484694
MP00001140,2026-08-14,INS0060,STK060,521.91,525.63,519.58,524.27,323456
MP00001141,2026-08-14,INS0061,STK061,187.19,188.02,184.42,185.99,85569
MP00001142,2026-08-14,INS0062,STK062,142.4,143.7,142.02,142.38,463351
MP00001143,2026-08-14,INS0063,STK063,509.93,514.67,507.05,508.95,16834
MP00001144,2026-08-14,INS0064,STK064,238.59,242.28,237.22,237.47,84967
MP00001145,2026-08-14,INS0065,STK065,438.31,444.64,433.39,439.36,42664
MP00001146,2026-08-14,INS0066,STK066,294.15,295.77,294.12,294.57,474133
MP00001147,2026-08-14,INS0067,STK067,117.01,117.76,116.36,116.91,393219
MP00001148,2026-08-14,INS0068,STK068,599.12,602.57,592.19,597.95,407348
MP00001149,2026-08-14,INS0069,STK069,323.34,323.87,320.07,323.02,85577
MP00001150,2026-08-14,INS0070,STK070,474.8,476.71,472.58,475.81,430331
MP00001151,2026-08-14,INS0071,STK071,229.42,229.53,229.19,229.32,391136
MP00001152,2026-08-14,INS0072,STK072,352.71,353.24,349.75,350.76,164525
MP00001153,2026-08-14,INS0073,STK073,1467.85,1476.42,1463.29,1465.43,476445
MP00001154,2026-08-14,INS0074,STK074,491.82,496.17,478.76,490.7,412521
MP00001155,2026-08-14,INS0075,STK075,683.83,686.19,677.25,682.98,78659
MP00001156,2026-08-14,INS0076,STK076,175.94,176.85,174.69,175.1,168810
MP00001157,2026-08-14,INS0077,STK077,2850.12,2887.73,2845.17,2853.59,53888
MP00001158,2026-08-14,INS0078,STK078,1754.85,1761.02,1742.49,1749.89,234842
MP00001159,2026-08-14,INS0079,STK079,1230.13,1235.88,1225.47,1235.55,145183
MP00001160,2026-08-14,INS0080,STK080,832.42,838.2,828.5,836.27,438410
MP00001161,2026-08-14,INS0081,STK081,437.35,441.34,435.77,438.19,473445
MP00001162,2026-08-14,INS0082,STK082,588.09,588.78,584.69,585.35,469177
MP00001163,2026-08-14,INS0083,STK083,1009.16,1010.25,998.81,1009.85,41139
MP00001164,2026-08-14,INS0084,STK084,279.21,279.98,276.58,278.77,344796
MP00001165,2026-08-14,INS0085,STK085,326.34,329.27,321.74,328.63,69919
MP00001166,2026-08-14,INS0086,STK086,126.82,128.15,126.56,127.68,301840
MP00001167,2026-08-14,INS0087,STK087,254.26,255.41,253.17,253.2,120782
MP00001168,2026-08-14,INS0088,STK088,1602.97,1612.0,1585.64,1594.5,317822
MP00001169,2026-08-14,INS0089,STK089,333.92,338.59,330.87,333.22,298056
MP00001170,2026-08-14,INS0090,STK090,343.7,345.88,338.57,342.36,485214
MP00001171,2026-08-14,INS0091,STK091,547.43,549.15,546.88,548.81,461816
MP00001172,2026-08-14,INS0092,STK092,131.68,132.96,131.34,132.35,337572
MP00001173,2026-08-14,INS0093,STK093,889.01,894.81,877.42,885.13,313349
MP00001174,2026-08-14,INS0094,STK094,1128.91,1143.4,1118.55,1137.0,199281
MP00001175,2026-08-14,INS0095,STK095,627.35,629.86,626.71,629.04,221293
MP00001176,2026-08-14,INS0096,STK096,1537.38,1543.79,1535.52,1536.04,88872
MP00001177,2026-08-14,INS0097,STK097,162.62,163.59,161.88,162.7,97844
MP00001178,2026-08-14,INS0098,STK098,1877.67,1887.12,1859.96,1873.59,151854
MP00001179,2026-08-14,INS0099,STK099,253.15,253.32,253.07,253.21,417202
MP00001180,2026-08-14,INS0100,STK100,179.22,180.27,178.87,178.88,470374
MP00001181,2026-08-14,INS0101,STK101,368.37,370.57,364.88,367.81,295539
MP00001182,2026-08-14,INS0102,STK102,1860.37,1873.17,1856.55,1872.88,85937
MP00001183,2026-08-14,INS0103,STK103,442.25,445.71,440.32,444.61,416497
MP00001184,2026-08-14,INS0104,STK104,220.22,222.44,220.07,220.37,497115
MP00001185,2026-08-14,INS0105,STK105,171.92,172.18,168.06,170.03,117508
MP00001186,2026-08-14,INS0106,STK106,417.0,417.61,411.34,414.51,301456
MP00001187,2026-08-14,INS0107,STK107,100.77,101.12,100.25,100.65,43236
MP00001188,2026-08-14,INS0108,STK108,175.24,176.58,174.86,175.94,84264
MP00001189,2026-08-14,INS0109,STK109,1412.95,1427.41,1407.42,1418.62,392784
MP00001190,2026-08-14,INS0110,STK110,1206.71,1218.23,1202.3,1215.76,280187
MP00001191,2026-08-14,INS0111,STK111,398.97,400.53,397.15,398.29,360912
MP00001192,2026-08-14,INS0112,STK112,311.02,313.41,309.45,312.69,149438
MP00001193,2026-08-14,INS0113,STK113,458.6,461.06,456.72,458.57,454140
MP00001194,2026-08-14,INS0114,STK114,2785.88,2791.65,2766.89,2782.13,84319
MP00001195,2026-08-14,INS0115,STK115,598.6,602.16,590.46,595.59,147513
MP00001196,2026-08-14,INS0116,STK116,881.69,885.71,877.69,881.45,449175
MP00001197,2026-08-14,INS0117,STK117,410.74,411.98,407.52,411.18,344348
MP00001198,2026-08-14,INS0118,STK118,454.11,459.8,452.76,455.09,341355
MP00001199,2026-08-14,INS0119,STK119,742.69,745.49,738.61,744.26,340927
MP00001200,2026-08-14,INS0120,STK120,489.23,494.88,484.71,487.5,425596
MP00001201,2026-08-17,INS0001,STK001,504.87,507.45,499.34,503.16,413689
MP00001202,2026-08-17,INS0002,STK002,185.1,185.49,183.48,184.64,480930
MP00001203,2026-08-17,INS0003,STK003,1000.43,1013.16,995.44,1005.62,224417
MP00001204,2026-08-17,INS0004,STK004,1303.07,1311.2,1299.42,1304.78,99379
MP00001205,2026-08-17,INS0005,STK005,758.55,764.42,755.84,759.18,111041
MP00001206,2026-08-17,INS0006,STK006,219.72,219.79,218.39,219.45,270314
MP00001207,2026-08-17,INS0007,STK007,257.96,258.37,256.17,256.74,381732
MP00001208,2026-08-17,INS0008,STK008,190.1,190.51,189.48,189.57,150119
MP00001209,2026-08-17,INS0009,STK009,804.39,809.88,796.07,809.39,55111
MP00001210,2026-08-17,INS0010,STK010,1194.12,1197.97,1177.28,1185.85,59336
MP00001211,2026-08-17,INS0011,STK011,617.52,620.19,616.34,618.94,173645
MP00001212,2026-08-17,INS0012,STK012,851.9,858.89,850.68,854.65,344697
MP00001213,2026-08-17,INS0013,STK013,231.78,232.12,231.55,231.69,268116
MP00001214,2026-08-17,INS0014,STK014,504.34,509.18,501.76,506.98,100693
MP00001215,2026-08-17,INS0015,STK015,162.54,165.54,162.14,162.86,305194
MP00001216,2026-08-17,INS0016,STK016,259.79,261.71,258.11,260.67,98257
MP00001217,2026-08-17,INS0017,STK017,916.67,921.29,914.62,917.34,47664
MP00001218,2026-08-17,INS0018,STK018,379.35,381.99,376.53,380.95,284703
MP00001219,2026-08-17,INS0019,STK019,1144.95,1148.95,1128.97,1143.09,272181
MP00001220,2026-08-17,INS0020,STK020,670.33,671.19,665.77,668.19,58503
MP00001221,2026-08-17,INS0021,STK021,3650.07,3653.82,3642.29,3652.43,293527
MP00001222,2026-08-17,INS0022,STK022,486.67,490.1,481.37,481.9,274818
MP00001223,2026-08-17,INS0023,STK023,150.7,153.29,149.7,151.44,196280
MP00001224,2026-08-17,INS0024,STK024,411.74,416.64,407.49,410.96,227733
MP00001225,2026-08-17,INS0025,STK025,210.52,211.33,209.79,210.42,99023
MP00001226,2026-08-17,INS0026,STK026,923.5,930.84,916.84,930.45,51516
MP00001227,2026-08-17,INS0027,STK027,470.56,475.99,469.48,472.76,495019
MP00001228,2026-08-17,INS0028,STK028,389.19,389.72,387.98,388.72,57728
MP00001229,2026-08-17,INS0029,STK029,401.65,407.44,399.28,401.35,233793
MP00001230,2026-08-17,INS0030,STK030,766.85,775.86,757.97,760.61,125278
MP00001231,2026-08-17,INS0031,STK031,325.2,325.35,319.19,323.26,343296
MP00001232,2026-08-17,INS0032,STK032,800.52,804.27,798.34,801.11,331064
MP00001233,2026-08-17,INS0033,STK033,917.17,917.52,915.01,916.2,319596
MP00001234,2026-08-17,INS0034,STK034,344.5,345.1,343.66,344.91,37949
MP00001235,2026-08-17,INS0035,STK035,226.28,227.51,226.06,226.55,464887
MP00001236,2026-08-17,INS0036,STK036,307.04,308.52,304.84,307.32,440912
MP00001237,2026-08-17,INS0037,STK037,775.48,782.54,772.93,774.88,409325
MP00001238,2026-08-17,INS0038,STK038,493.33,494.97,490.51,490.77,131270
MP00001239,2026-08-17,INS0039,STK039,755.1,757.33,749.89,750.73,349403
MP00001240,2026-08-17,INS0040,STK040,1716.51,1724.47,1704.54,1718.37,15397
MP00001241,2026-08-17,INS0041,STK041,524.9,526.12,521.27,524.51,382384
MP00001242,2026-08-17,INS0042,STK042,259.11,261.46,257.28,260.77,91271
MP00001243,2026-08-17,INS0043,STK043,975.05,990.36,965.29,976.1,426003
MP00001244,2026-08-17,INS0044,STK044,485.2,490.46,483.82,486.48,402949
MP00001245,2026-08-17,INS0045,STK045,860.23,861.63,848.47,857.24,344943
MP00001246,2026-08-17,INS0046,STK046,909.36,923.32,908.23,914.14,221470
MP00001247,2026-08-17,INS0047,STK047,222.59,222.9,220.05,220.35,52135
MP00001248,2026-08-17,INS0048,STK048,1292.81,1305.68,1284.26,1296.93,293054
MP00001249,2026-08-17,INS0049,STK049,868.81,870.0,866.01,866.22,321336
MP00001250,2026-08-17,INS0050,STK050,280.52,285.59,279.13,282.52,275593
MP00001251,2026-08-17,INS0051,STK051,576.6,580.03,568.39,573.01,33908
MP00001252,2026-08-17,INS0052,STK052,597.33,600.97,597.25,599.91,453926
MP00001253,2026-08-17,INS0053,STK053,469.74,471.13,466.02,469.86,160595
MP00001254,2026-08-17,INS0054,STK054,868.54,871.45,858.79,867.2,234598
MP00001255,2026-08-17,INS0055,STK055,1388.36,1388.56,1381.53,1387.78,11783
MP00001256,2026-08-17,INS0056,STK056,436.03,440.38,436.03,436.56,40750
MP00001257,2026-08-17,INS0057,STK057,1216.69,1218.11,1210.59,1216.94,215156
MP00001258,2026-08-17,INS0058,STK058,940.74,945.95,937.21,939.5,285512
MP00001259,2026-08-17,INS0059,STK059,560.91,567.62,557.95,559.95,341039
MP00001260,2026-08-17,INS0060,STK060,518.31,519.81,513.75,519.46,330217
MP00001261,2026-08-17,INS0061,STK061,184.68,186.47,184.15,185.19,208343
MP00001262,2026-08-17,INS0062,STK062,144.11,145.13,144.02,144.02,111216
MP00001263,2026-08-17,INS0063,STK063,518.5,524.06,513.39,521.29,54400
MP00001264,2026-08-17,INS0064,STK064,243.06,245.73,240.9,244.33,334078
MP00001265,2026-08-17,INS0065,STK065,439.48,444.16,427.93,438.25,227815
MP00001266,2026-08-17,INS0066,STK066,302.22,302.81,301.82,301.88,54864
MP00001267,2026-08-17,INS0067,STK067,120.23,120.27,119.33,119.96,195770
MP00001268,2026-08-17,INS0068,STK068,584.26,588.14,582.29,586.91,287928
MP00001269,2026-08-17,INS0069,STK069,320.68,323.34,318.55,321.27,24718
MP00001270,2026-08-17,INS0070,STK070,473.88,474.65,468.5,473.27,167904
MP00001271,2026-08-17,INS0071,STK071,221.67,224.92,221.31,223.87,498267
MP00001272,2026-08-17,INS0072,STK072,355.32,355.71,352.78,354.81,399168
MP00001273,2026-08-17,INS0073,STK073,1462.37,1478.86,1456.46,1459.69,114471
MP00001274,2026-08-17,INS0074,STK074,491.98,497.81,490.54,491.65,321200
MP00001275,2026-08-17,INS0075,STK075,690.99,698.99,681.06,685.79,296487
MP00001276,2026-08-17,INS0076,STK076,177.51,177.67,176.43,177.47,110782
MP00001277,2026-08-17,INS0077,STK077,2809.46,2845.81,2806.27,2821.31,301517
MP00001278,2026-08-17,INS0078,STK078,1739.18,1746.45,1733.85,1739.52,139401
MP00001279,2026-08-17,INS0079,STK079,1227.26,1233.5,1219.39,1233.21,66539
MP00001280,2026-08-17,INS0080,STK080,881.75,882.35,880.47,880.48,91526
MP00001281,2026-08-17,INS0081,STK081,445.27,453.66,444.84,447.32,142715
MP00001282,2026-08-17,INS0082,STK082,586.84,588.85,580.25,583.43,75555
MP00001283,2026-08-17,INS0083,STK083,998.35,1002.53,994.6,1001.11,413036
MP00001284,2026-08-17,INS0084,STK084,274.41,275.27,272.91,273.98,178862
MP00001285,2026-08-17,INS0085,STK085,337.13,340.1,335.56,338.1,432610
MP00001286,2026-08-17,INS0086,STK086,131.57,132.84,130.95,131.93,333670
MP00001287,2026-08-17,INS0087,STK087,256.72,258.52,254.14,255.67,119813
MP00001288,2026-08-17,INS0088,STK088,1613.33,1632.58,1607.43,1621.24,304542
MP00001289,2026-08-17,INS0089,STK089,319.06,320.45,318.14,319.15,166049
MP00001290,2026-08-17,INS0090,STK090,351.49,353.24,348.27,349.71,22342
MP00001291,2026-08-17,INS0091,STK091,537.01,537.09,528.7,534.35,240099
MP00001292,2026-08-17,INS0092,STK092,130.74,131.19,130.1,130.32,449863
MP00001293,2026-08-17,INS0093,STK093,881.57,892.44,876.42,879.62,328442
MP00001294,2026-08-17,INS0094,STK094,1139.79,1147.46,1130.18,1137.64,454740
MP00001295,2026-08-17,INS0095,STK095,617.96,626.52,616.46,620.94,279981
MP00001296,2026-08-17,INS0096,STK096,1513.04,1521.45,1498.59,1508.07,268750
MP00001297,2026-08-17,INS0097,STK097,162.45,164.01,162.14,162.66,75206
MP00001298,2026-08-17,INS0098,STK098,1875.47,1884.96,1872.29,1875.63,159820
MP00001299,2026-08-17,INS0099,STK099,254.29,255.81,253.51,253.85,46523
MP00001300,2026-08-17,INS0100,STK100,179.96,181.29,179.48,180.0,267476
MP00001301,2026-08-17,INS0101,STK101,375.96,376.99,374.04,376.64,431972
MP00001302,2026-08-17,INS0102,STK102,1793.25,1798.29,1778.42,1796.49,177596
MP00001303,2026-08-17,INS0103,STK103,448.83,450.07,448.46,449.48,197381
MP00001304,2026-08-17,INS0104,STK104,218.4,221.0,217.22,219.08,462889
MP00001305,2026-08-17,INS0105,STK105,168.24,169.1,166.98,168.09,208675
MP00001306,2026-08-17,INS0106,STK106,415.37,416.76,409.16,413.08,397476
MP00001307,2026-08-17,INS0107,STK107,100.49,101.24,99.71,100.1,452762
MP00001308,2026-08-17,INS0108,STK108,174.75,176.21,172.72,173.14,68906
MP00001309,2026-08-17,INS0109,STK109,1441.77,1445.51,1426.77,1433.7,415890
MP00001310,2026-08-17,INS0110,STK110,1214.61,1224.92,1206.49,1220.13,436269
MP00001311,2026-08-17,INS0111,STK111,394.51,395.03,392.07,394.8,156104
MP00001312,2026-08-17,INS0112,STK112,330.72,331.4,324.39,330.42,215714
MP00001313,2026-08-17,INS0113,STK113,458.05,460.38,455.89,460.34,307463
MP00001314,2026-08-17,INS0114,STK114,2794.47,2811.33,2790.54,2797.32,183988
MP00001315,2026-08-17,INS0115,STK115,606.67,609.88,605.95,607.18,264477
MP00001316,2026-08-17,INS0116,STK116,927.39,933.22,925.4,929.72,126905
MP00001317,2026-08-17,INS0117,STK117,405.95,407.73,405.73,407.22,128278
MP00001318,2026-08-17,INS0118,STK118,452.51,454.06,443.44,448.28,401030
MP00001319,2026-08-17,INS0119,STK119,755.83,760.94,742.96,754.14,34067
MP00001320,2026-08-17,INS0120,STK120,479.63,485.05,478.46,481.66,264770
MP00001321,2026-08-18,INS0001,STK001,505.77,510.06,502.77,506.67,114755
MP00001322,2026-08-18,INS0002,STK002,185.32,186.66,183.61,184.98,30193
MP00001323,2026-08-18,INS0003,STK003,994.94,1001.15,987.58,998.49,19012
MP00001324,2026-08-18,INS0004,STK004,1304.42,1317.53,1290.9,1294.78,355938
MP00001325,2026-08-18,INS0005,STK005,762.55,763.35,756.3,760.72,233302
MP00001326,2026-08-18,INS0006,STK006,219.46,223.03,217.67,220.68,30501
MP00001327,2026-08-18,INS0007,STK007,256.94,261.04,255.03,257.55,498260
MP00001328,2026-08-18,INS0008,STK008,187.77,189.43,187.22,188.0,206983
MP00001329,2026-08-18,INS0009,STK009,815.81,817.3,811.66,813.61,433956
MP00001330,2026-08-18,INS0010,STK010,1187.13,1201.08,1180.69,1189.9,409806
MP00001331,2026-08-18,INS0011,STK011,613.58,614.89,608.52,613.66,183104
MP00001332,2026-08-18,INS0012,STK012,846.13,851.03,840.38,849.3,129558
MP00001333,2026-08-18,INS0013,STK013,233.5,233.65,232.87,232.97,336342
MP00001334,2026-08-18,INS0014,STK014,508.69,512.8,504.02,506.02,187248
MP00001335,2026-08-18,INS0015,STK015,165.04,165.37,164.41,164.94,243573
MP00001336,2026-08-18,INS0016,STK016,262.41,262.51,260.17,261.72,478084
MP00001337,2026-08-18,INS0017,STK017,916.34,925.18,912.24,913.78,379956
MP00001338,2026-08-18,INS0018,STK018,380.72,380.99,380.45,380.91,23317
MP00001339,2026-08-18,INS0019,STK019,1138.3,1143.96,1130.51,1143.67,45539
MP00001340,2026-08-18,INS0020,STK020,664.74,668.17,662.53,664.31,353603
MP00001341,2026-08-18,INS0021,STK021,3613.47,3631.81,3590.66,3625.86,70021
MP00001342,2026-08-18,INS0022,STK022,483.69,487.95,478.19,484.61,462531
MP00001343,2026-08-18,INS0023,STK023,152.85,153.06,151.32,152.47,408907
MP00001344,2026-08-18,INS0024,STK024,412.28,416.93,411.93,412.95,105698
MP00001345,2026-08-18,INS0025,STK025,211.99,213.17,209.79,212.98,215696
MP00001346,2026-08-18,INS0026,STK026,924.97,926.84,918.27,926.42,44571
MP00001347,2026-08-18,INS0027,STK027,476.19,479.41,473.38,479.14,219154
MP00001348,2026-08-18,INS0028,STK028,385.57,388.95,382.7,385.93,355445
MP00001349,2026-08-18,INS0029,STK029,398.92,401.82,394.55,398.12,86693
MP00001350,2026-08-18,INS0030,STK030,749.47,752.11,747.81,749.98,372839
MP00001351,2026-08-18,INS0031,STK031,321.26,324.33,320.63,322.11,194566
MP00001352,2026-08-18,INS0032,STK032,793.96,801.13,793.41,797.89,272072
MP00001353,2026-08-18,INS0033,STK033,917.63,921.17,917.2,920.06,390352
MP00001354,2026-08-18,INS0034,STK034,346.34,346.83,343.99,345.58,256257
MP00001355,2026-08-18,INS0035,STK035,224.41,226.96,223.98,224.4,414168
MP00001356,2026-08-18,INS0036,STK036,306.82,309.17,304.36,306.35,195431
MP00001357,2026-08-18,INS0037,STK037,766.33,779.15,765.82,772.58,188810
MP00001358,2026-08-18,INS0038,STK038,487.4,487.44,480.99,483.84,425099
MP00001359,2026-08-18,INS0039,STK039,740.01,749.46,735.21,744.86,410077
MP00001360,2026-08-18,INS0040,STK040,1703.88,1710.6,1693.34,1707.8,409159
MP00001361,2026-08-18,INS0041,STK041,531.37,535.73,526.68,530.56,52351
MP00001362,2026-08-18,INS0042,STK042,262.42,266.26,261.17,261.17,161186
MP00001363,2026-08-18,INS0043,STK043,984.01,984.3,974.83,981.28,267156
MP00001364,2026-08-18,INS0044,STK044,483.32,485.26,480.36,480.69,426790
MP00001365,2026-08-18,INS0045,STK045,860.48,874.01,856.91,865.47,31677
MP00001366,2026-08-18,INS0046,STK046,916.86,924.49,909.53,923.71,446401
MP00001367,2026-08-18,INS0047,STK047,216.69,217.36,214.92,216.86,457915
MP00001368,2026-08-18,INS0048,STK048,1281.97,1293.76,1275.67,1289.64,151019
MP00001369,2026-08-18,INS0049,STK049,872.93,876.33,864.26,869.66,53755
MP00001370,2026-08-18,INS0050,STK050,284.71,285.2,280.68,283.98,462219
MP00001371,2026-08-18,INS0051,STK051,566.96,570.99,565.61,569.91,287983
MP00001372,2026-08-18,INS0052,STK052,598.65,604.06,595.43,598.44,464906
MP00001373,2026-08-18,INS0053,STK053,468.58,473.23,460.91,467.62,451012
MP00001374,2026-08-18,INS0054,STK054,873.88,876.09,860.17,867.97,428818
MP00001375,2026-08-18,INS0055,STK055,1408.99,1416.12,1397.69,1401.14,406547
MP00001376,2026-08-18,INS0056,STK056,432.06,435.25,430.06,433.87,109233
MP00001377,2026-08-18,INS0057,STK057,1232.4,1233.77,1225.13,1226.72,117960
MP00001378,2026-08-18,INS0058,STK058,931.29,935.63,927.29,933.64,440754
MP00001379,2026-08-18,INS0059,STK059,556.25,559.24,554.19,556.16,173479
MP00001380,2026-08-18,INS0060,STK060,522.54,531.28,520.47,522.87,267743
MP00001381,2026-08-18,INS0061,STK061,186.75,188.19,185.06,186.56,96284
MP00001382,2026-08-18,INS0062,STK062,145.45,145.5,144.88,145.01,16125
MP00001383,2026-08-18,INS0063,STK063,516.11,519.79,514.76,515.83,397069
MP00001384,2026-08-18,INS0064,STK064,243.36,244.29,242.26,243.42,106102
MP00001385,2026-08-18,INS0065,STK065,442.1,447.23,439.7,441.14,237894
MP00001386,2026-08-18,INS0066,STK066,301.35,303.78,298.83,301.98,33461
MP00001387,2026-08-18,INS0067,STK067,118.43,119.78,117.81,118.93,235075
MP00001388,2026-08-18,INS0068,STK068,587.12,590.25,581.03,589.06,30739
MP00001389,2026-08-18,INS0069,STK069,321.89,323.77,315.82,319.44,306206
MP00001390,2026-08-18,INS0070,STK070,478.27,480.87,477.55,480.12,151439
MP00001391,2026-08-18,INS0071,STK071,227.37,227.42,225.93,226.65,374523
MP00001392,2026-08-18,INS0072,STK072,356.67,358.48,353.29,356.53,11658
MP00001393,2026-08-18,INS0073,STK073,1472.33,1482.85,1466.55,1475.67,493107
MP00001394,2026-08-18,INS0074,STK074,493.71,495.91,489.76,491.9,363413
MP00001395,2026-08-18,INS0075,STK075,692.3,692.8,686.16,690.0,335112
MP00001396,2026-08-18,INS0076,STK076,180.79,181.1,179.04,179.58,44094
MP00001397,2026-08-18,INS0077,STK077,2832.69,2850.8,2813.71,2826.85,456811
MP00001398,2026-08-18,INS0078,STK078,1732.28,1739.67,1725.32,1735.97,454540
MP00001399,2026-08-18,INS0079,STK079,1210.4,1219.46,1202.77,1216.51,459467
MP00001400,2026-08-18,INS0080,STK080,878.28,881.35,877.07,879.89,269073
MP00001401,2026-08-18,INS0081,STK081,449.46,455.68,447.71,450.27,289477
MP00001402,2026-08-18,INS0082,STK082,585.59,590.05,580.96,587.86,46668
MP00001403,2026-08-18,INS0083,STK083,999.9,1014.62,996.84,1005.15,145673
MP00001404,2026-08-18,INS0084,STK084,272.15,273.02,270.74,272.8,27839
MP00001405,2026-08-18,INS0085,STK085,333.44,336.75,331.67,332.8,181926
MP00001406,2026-08-18,INS0086,STK086,130.83,131.88,129.95,131.41,275129
MP00001407,2026-08-18,INS0087,STK087,255.62,256.03,251.58,255.05,418883
MP00001408,2026-08-18,INS0088,STK088,1617.35,1619.73,1605.13,1617.19,413222
MP00001409,2026-08-18,INS0089,STK089,322.21,325.91,318.81,320.73,430822
MP00001410,2026-08-18,INS0090,STK090,356.99,358.7,352.17,355.31,377101
MP00001411,2026-08-18,INS0091,STK091,535.68,541.7,530.91,534.88,137574
MP00001412,2026-08-18,INS0092,STK092,130.11,130.54,129.92,130.09,258290
MP00001413,2026-08-18,INS0093,STK093,873.44,881.58,872.82,877.79,389575
MP00001414,2026-08-18,INS0094,STK094,1133.63,1143.84,1129.19,1138.77,275968
MP00001415,2026-08-18,INS0095,STK095,616.01,617.34,611.46,616.84,478571
MP00001416,2026-08-18,INS0096,STK096,1507.04,1522.38,1488.68,1509.52,332166
MP00001417,2026-08-18,INS0097,STK097,161.94,164.39,161.51,163.25,385735
MP00001418,2026-08-18,INS0098,STK098,1882.86,1900.43,1863.22,1878.78,265052
MP00001419,2026-08-18,INS0099,STK099,255.73,258.63,253.99,254.79,486336
MP00001420,2026-08-18,INS0100,STK100,180.48,181.3,180.26,180.62,410043
MP00001421,2026-08-18,INS0101,STK101,372.03,373.53,369.02,371.34,270851
MP00001422,2026-08-18,INS0102,STK102,1792.51,1819.45,1790.17,1805.67,269289
MP00001423,2026-08-18,INS0103,STK103,447.51,451.65,445.37,447.08,256797
MP00001424,2026-08-18,INS0104,STK104,216.14,217.73,215.02,217.17,297832
MP00001425,2026-08-18,INS0105,STK105,166.88,167.91,166.59,166.61,189194
MP00001426,2026-08-18,INS0106,STK106,413.15,417.27,410.05,414.52,137873
MP00001427,2026-08-18,INS0107,STK107,100.23,100.86,99.64,99.92,461313
MP00001428,2026-08-18,INS0108,STK108,170.6,170.97,169.66,170.82,299554
MP00001429,2026-08-18,INS0109,STK109,1442.23,1456.63,1432.05,1439.19,286051
MP00001430,2026-08-18,INS0110,STK110,1200.91,1206.79,1196.7,1206.16,238289
MP00001431,2026-08-18,INS0111,STK111,393.88,396.84,389.3,395.25,349088
MP00001432,2026-08-18,INS0112,STK112,329.89,333.15,328.02,331.05,191370
MP00001433,2026-08-18,INS0113,STK113,467.33,470.01,462.61,463.62,352406
MP00001434,2026-08-18,INS0114,STK114,2830.65,2844.8,2802.15,2837.48,81519
MP00001435,2026-08-18,INS0115,STK115,603.12,603.82,595.91,600.59,384968
MP00001436,2026-08-18,INS0116,STK116,927.98,934.84,923.33,929.33,452466
MP00001437,2026-08-18,INS0117,STK117,405.51,408.64,404.63,406.32,137897
MP00001438,2026-08-18,INS0118,STK118,447.73,452.68,446.93,449.84,458381
MP00001439,2026-08-18,INS0119,STK119,756.69,759.12,754.67,755.44,422548
MP00001440,2026-08-18,INS0120,STK120,479.12,482.05,477.45,480.3,227223
MP00001441,2026-08-19,INS0001,STK001,506.62,506.95,502.24,505.68,308397
MP00001442,2026-08-19,INS0002,STK002,185.9,187.01,184.37,186.4,86497
MP00001443,2026-08-19,INS0003,STK003,991.96,993.15,985.95,990.64,18951
MP00001444,2026-08-19,INS0004,STK004,1290.6,1299.48,1283.29,1286.79,200606
MP00001445,2026-08-19,INS0005,STK005,753.34,756.64,751.28,754.61,143542
MP00001446,2026-08-19,INS0006,STK006,222.03,225.22,220.66,220.83,177953
MP00001447,2026-08-19,INS0007,STK007,254.82,257.02,253.66,255.32,300832
MP00001448,2026-08-19,INS0008,STK008,187.89,188.19,185.38,186.98,497683
MP00001449,2026-08-19,INS0009,STK009,807.96,816.45,806.45,809.03,251147
MP00001450,2026-08-19,INS0010,STK010,1182.14,1198.3,1171.47,1187.42,189264
MP00001451,2026-08-19,INS0011,STK011,604.74,612.93,603.25,606.4,200255
MP00001452,2026-08-19,INS0012,STK012,852.51,857.33,848.91,849.89,279789
MP00001453,2026-08-19,INS0013,STK013,237.17,237.64,234.8,235.31,79702
MP00001454,2026-08-19,INS0014,STK014,503.49,512.53,501.44,506.57,468024
MP00001455,2026-08-19,INS0015,STK015,168.16,168.62,166.33,166.99,425313
MP00001456,2026-08-19,INS0016,STK016,264.32,266.15,263.03,264.52,226936
MP00001457,2026-08-19,INS0017,STK017,924.66,926.02,914.24,919.48,349665
MP00001458,2026-08-19,INS0018,STK018,378.54,381.91,377.65,381.14,484835
MP00001459,2026-08-19,INS0019,STK019,1136.51,1160.55,1135.65,1143.87,259407
MP00001460,2026-08-19,INS0020,STK020,668.97,673.86,664.23,668.38,270082
MP00001461,2026-08-19,INS0021,STK021,3606.87,3631.97,3588.85,3614.52,399772
MP00001462,2026-08-19,INS0022,STK022,477.55,480.53,476.74,477.37,252174
MP00001463,2026-08-19,INS0023,STK023,152.84,154.79,152.21,153.07,97150
MP00001464,2026-08-19,INS0024,STK024,407.0,412.73,405.26,409.23,149769
MP00001465,2026-08-19,INS0025,STK025,212.25,212.37,210.48,211.35,148148
MP00001466,2026-08-19,INS0026,STK026,922.44,927.98,918.36,926.43,367092
MP00001467,2026-08-19,INS0027,STK027,481.38,481.86,476.96,478.77,449606
MP00001468,2026-08-19,INS0028,STK028,380.7,382.26,378.3,381.6,495330
MP00001469,2026-08-19,INS0029,STK029,398.69,400.83,398.21,398.64,21093
MP00001470,2026-08-19,INS0030,STK030,754.12,756.59,745.12,755.8,396678
MP00001471,2026-08-19,INS0031,STK031,317.35,319.94,316.19,319.21,487258
MP00001472,2026-08-19,INS0032,STK032,805.87,813.5,802.32,806.06,364806
MP00001473,2026-08-19,INS0033,STK033,908.82,912.9,900.5,908.65,498698
MP00001474,2026-08-19,INS0034,STK034,351.77,355.32,348.93,351.48,93804
MP00001475,2026-08-19,INS0035,STK035,223.39,224.17,222.36,223.66,123984
MP00001476,2026-08-19,INS0036,STK036,307.94,309.48,306.35,306.71,426495
MP00001477,2026-08-19,INS0037,STK037,759.65,767.72,749.21,760.98,342618
MP00001478,2026-08-19,INS0038,STK038,481.46,488.33,477.91,483.6,226585
MP00001479,2026-08-19,INS0039,STK039,745.84,752.54,744.11,746.23,33694
MP00001480,2026-08-19,INS0040,STK040,1706.58,1708.66,1696.75,1706.63,107661
MP00001481,2026-08-19,INS0041,STK041,527.3,532.78,524.23,528.17,98890
MP00001482,2026-08-19,INS0042,STK042,259.35,261.36,259.0,259.2,76535
MP00001483,2026-08-19,INS0043,STK043,988.98,990.48,988.87,990.2,446346
MP00001484,2026-08-19,INS0044,STK044,479.8,481.59,476.66,480.8,233129
MP00001485,2026-08-19,INS0045,STK045,868.36,882.12,865.33,876.2,410111
MP00001486,2026-08-19,INS0046,STK046,919.81,921.06,914.2,919.82,415768
MP00001487,2026-08-19,INS0047,STK047,217.19,218.82,215.51,216.1,459737
MP00001488,2026-08-19,INS0048,STK048,1301.36,1308.07,1292.42,1298.08,322458
MP00001489,2026-08-19,INS0049,STK049,848.14,866.57,844.09,858.44,101937
MP00001490,2026-08-19,INS0050,STK050,283.5,284.37,279.38,281.24,151035
MP00001491,2026-08-19,INS0051,STK051,575.64,583.27,573.11,574.94,414063
MP00001492,2026-08-19,INS0052,STK052,597.39,598.77,590.48,592.86,285631
MP00001493,2026-08-19,INS0053,STK053,461.59,461.79,457.42,460.87,84543
MP00001494,2026-08-19,INS0054,STK054,875.31,885.57,873.01,881.04,19734
MP00001495,2026-08-19,INS0055,STK055,1389.05,1400.94,1383.13,1385.6,50122
MP00001496,2026-08-19,INS0056,STK056,437.9,442.24,433.84,434.51,46680
MP00001497,2026-08-19,INS0057,STK057,1226.13,1231.06,1225.73,1227.4,408521
MP00001498,2026-08-19,INS0058,STK058,914.5,917.53,912.05,912.88,204162
MP00001499,2026-08-19,INS0059,STK059,555.84,556.38,554.32,554.98,343777
MP00001500,2026-08-19,INS0060,STK060,525.17,528.56,521.62,524.75,42121
MP00001501,2026-08-19,INS0061,STK061,187.3,187.35,186.04,187.09,178704
MP00001502,2026-08-19,INS0062,STK062,145.67,146.44,144.73,146.06,409034
MP00001503,2026-08-19,INS0063,STK063,517.09,517.15,510.8,514.23,70046
MP00001504,2026-08-19,INS0064,STK064,243.26,244.96,242.96,244.81,369648
MP00001505,2026-08-19,INS0065,STK065,442.03,446.32,436.59,438.72,248030
MP00001506,2026-08-19,INS0066,STK066,299.65,300.36,296.2,298.59,422909
MP00001507,2026-08-19,INS0067,STK067,117.55,118.17,116.81,117.7,35223
MP00001508,2026-08-19,INS0068,STK068,580.51,582.67,580.19,582.21,430698
MP00001509,2026-08-19,INS0069,STK069,321.94,323.67,320.37,322.03,336069
MP00001510,2026-08-19,INS0070,STK070,475.7,475.82,470.68,474.33,190703
MP00001511,2026-08-19,INS0071,STK071,226.65,227.96,224.91,227.15,468930
MP00001512,2026-08-19,INS0072,STK072,354.18,357.43,352.78,355.78,369593
MP00001513,2026-08-19,INS0073,STK073,1472.35,1477.54,1468.91,1474.46,264268
MP00001514,2026-08-19,INS0074,STK074,498.56,504.28,495.73,497.3,114134
MP00001515,2026-08-19,INS0075,STK075,686.81,690.18,683.24,687.58,210657
MP00001516,2026-08-19,INS0076,STK076,180.96,182.9,179.61,180.46,316405
MP00001517,2026-08-19,INS0077,STK077,2819.9,2837.82,2789.17,2827.7,149648
MP00001518,2026-08-19,INS0078,STK078,1739.35,1739.47,1724.27,1733.86,255518
MP00001519,2026-08-19,INS0079,STK079,1239.04,1241.54,1238.67,1239.1,179668
MP00001520,2026-08-19,INS0080,STK080,874.94,877.4,869.74,869.8,347867
MP00001521,2026-08-19,INS0081,STK081,455.47,459.08,453.39,454.94,67995
MP00001522,2026-08-19,INS0082,STK082,592.53,595.38,587.85,590.96,419292
MP00001523,2026-08-19,INS0083,STK083,1007.01,1018.79,997.3,1001.31,168178
MP00001524,2026-08-19,INS0084,STK084,277.47,278.63,275.03,276.38,109473
MP00001525,2026-08-19,INS0085,STK085,326.64,329.67,325.22,327.91,193268
MP00001526,2026-08-19,INS0086,STK086,130.36,131.09,129.62,130.87,178561
MP00001527,2026-08-19,INS0087,STK087,253.49,254.8,252.5,252.6,138536
MP00001528,2026-08-19,INS0088,STK088,1624.6,1640.85,1608.39,1622.53,479790
MP00001529,2026-08-19,INS0089,STK089,315.97,319.2,314.69,317.89,438487
MP00001530,2026-08-19,INS0090,STK090,356.01,356.71,354.12,356.55,367970
MP00001531,2026-08-19,INS0091,STK091,534.79,538.67,531.34,534.08,254361
MP00001532,2026-08-19,INS0092,STK092,129.14,129.87,128.3,129.59,133299
MP00001533,2026-08-19,INS0093,STK093,880.26,882.34,872.68,880.53,452747
MP00001534,2026-08-19,INS0094,STK094,1138.83,1140.87,1133.99,1136.32,266411
MP00001535,2026-08-19,INS0095,STK095,605.69,614.18,604.2,611.49,463712
MP00001536,2026-08-19,INS0096,STK096,1538.82,1550.58,1521.71,1543.73,58534
MP00001537,2026-08-19,INS0097,STK097,163.71,163.97,162.58,162.61,42400
MP00001538,2026-08-19,INS0098,STK098,1837.74,1848.81,1836.95,1845.74,404310
MP00001539,2026-08-19,INS0099,STK099,253.48,254.6,250.44,253.07,68552
MP00001540,2026-08-19,INS0100,STK100,177.07,179.22,175.67,178.8,63046
MP00001541,2026-08-19,INS0101,STK101,374.83,375.73,368.21,373.8,483514
MP00001542,2026-08-19,INS0102,STK102,1815.1,1818.35,1808.34,1810.32,78617
MP00001543,2026-08-19,INS0103,STK103,449.12,450.71,445.64,448.51,158537
MP00001544,2026-08-19,INS0104,STK104,217.05,217.98,214.15,216.53,92124
MP00001545,2026-08-19,INS0105,STK105,166.8,167.12,165.57,166.24,266000
MP00001546,2026-08-19,INS0106,STK106,413.04,413.9,411.98,413.29,411319
MP00001547,2026-08-19,INS0107,STK107,99.84,100.24,98.59,99.85,456454
MP00001548,2026-08-19,INS0108,STK108,171.65,172.68,170.68,171.97,237439
MP00001549,2026-08-19,INS0109,STK109,1446.73,1455.64,1437.78,1443.06,278634
MP00001550,2026-08-19,INS0110,STK110,1213.3,1217.21,1208.79,1211.0,277983
MP00001551,2026-08-19,INS0111,STK111,398.1,402.0,395.98,396.83,135626
MP00001552,2026-08-19,INS0112,STK112,332.68,337.0,332.34,333.41,38380
MP00001553,2026-08-19,INS0113,STK113,460.35,465.52,459.23,464.68,454605
MP00001554,2026-08-19,INS0114,STK114,2851.76,2874.37,2839.5,2845.64,476687
MP00001555,2026-08-19,INS0115,STK115,606.17,609.97,603.38,606.33,199053
MP00001556,2026-08-19,INS0116,STK116,926.7,930.15,923.44,924.4,11694
MP00001557,2026-08-19,INS0117,STK117,402.59,404.57,399.42,403.55,57646
MP00001558,2026-08-19,INS0118,STK118,446.02,450.71,442.58,445.59,280607
MP00001559,2026-08-19,INS0119,STK119,758.58,763.09,753.14,756.55,499706
MP00001560,2026-08-19,INS0120,STK120,472.51,477.41,470.17,473.23,470792
MP00001561,2026-08-20,INS0001,STK001,501.43,507.78,501.25,503.71,60799
MP00001562,2026-08-20,INS0002,STK002,185.88,187.07,182.66,186.01,369523
MP00001563,2026-08-20,INS0003,STK003,990.03,995.37,981.25,985.35,151220
MP00001564,2026-08-20,INS0004,STK004,1280.94,1293.51,1278.89,1279.19,464933
MP00001565,2026-08-20,INS0005,STK005,756.69,770.23,748.28,761.32,35437
MP00001566,2026-08-20,INS0006,STK006,216.24,217.82,215.75,216.5,187189
MP00001567,2026-08-20,INS0007,STK007,255.05,257.82,252.36,254.38,28201
MP00001568,2026-08-20,INS0008,STK008,186.59,187.38,184.86,187.31,358965
MP00001569,2026-08-20,INS0009,STK009,824.75,830.72,816.46,820.09,87160
MP00001570,2026-08-20,INS0010,STK010,1174.65,1179.67,1172.75,1176.69,374758
MP00001571,2026-08-20,INS0011,STK011,601.69,603.53,599.16,600.1,56313
MP00001572,2026-08-20,INS0012,STK012,847.22,853.56,838.84,844.07,258179
MP00001573,2026-08-20,INS0013,STK013,236.89,237.62,236.62,236.63,227522
MP00001574,2026-08-20,INS0014,STK014,505.51,509.78,504.41,507.08,151367
MP00001575,2026-08-20,INS0015,STK015,165.73,166.28,164.25,165.07,108743
MP00001576,2026-08-20,INS0016,STK016,262.91,265.18,262.82,264.74,402568
MP00001577,2026-08-20,INS0017,STK017,933.91,944.85,922.98,930.96,394934
MP00001578,2026-08-20,INS0018,STK018,378.42,389.23,377.7,381.95,82317
MP00001579,2026-08-20,INS0019,STK019,1147.45,1151.5,1142.04,1145.38,382622
MP00001580,2026-08-20,INS0020,STK020,674.09,675.03,665.08,669.58,256037
MP00001581,2026-08-20,INS0021,STK021,3633.74,3644.54,3613.0,3626.52,240765
MP00001582,2026-08-20,INS0022,STK022,476.56,481.2,470.37,472.55,474893
MP00001583,2026-08-20,INS0023,STK023,153.18,153.53,151.94,152.78,364306
MP00001584,2026-08-20,INS0024,STK024,408.2,409.81,406.6,408.64,361696
MP00001585,2026-08-20,INS0025,STK025,211.51,211.9,210.21,210.53,399665
MP00001586,2026-08-20,INS0026,STK026,935.18,940.48,927.86,931.52,271057
MP00001587,2026-08-20,INS0027,STK027,478.71,480.73,473.17,476.35,493514
MP00001588,2026-08-20,INS0028,STK028,380.9,383.9,380.41,380.5,256150
MP00001589,2026-08-20,INS0029,STK029,394.14,395.78,393.83,394.64,33116
MP00001590,2026-08-20,INS0030,STK030,755.4,760.14,748.45,758.09,292904
MP00001591,2026-08-20,INS0031,STK031,322.84,323.19,319.35,321.63,379355
MP00001592,2026-08-20,INS0032,STK032,795.87,804.77,795.41,803.73,248913
MP00001593,2026-08-20,INS0033,STK033,921.03,922.85,911.3,914.54,492010
MP00001594,2026-08-20,INS0034,STK034,350.39,352.48,345.97,351.07,86441
MP00001595,2026-08-20,INS0035,STK035,216.81,219.19,216.21,219.19,282032
MP00001596,2026-08-20,INS0036,STK036,305.28,306.7,301.7,306.58,25935
MP00001597,2026-08-20,INS0037,STK037,757.3,763.68,750.0,759.91,221706
MP00001598,2026-08-20,INS0038,STK038,484.92,487.01,481.72,484.0,388466
MP00001599,2026-08-20,INS0039,STK039,744.31,749.78,735.86,747.74,418625
MP00001600,2026-08-20,INS0040,STK040,1699.53,1707.77,1692.42,1697.31,54917
MP00001601,2026-08-20,INS0041,STK041,534.03,537.67,533.79,534.43,45919
MP00001602,2026-08-20,INS0042,STK042,256.14,259.55,255.6,259.07,442329
MP00001603,2026-08-20,INS0043,STK043,989.96,994.31,987.09,988.62,318241
MP00001604,2026-08-20,INS0044,STK044,486.17,490.47,482.72,483.68,139802
MP00001605,2026-08-20,INS0045,STK045,877.81,878.78,870.09,876.33,492996
MP00001606,2026-08-20,INS0046,STK046,937.14,945.53,926.83,938.9,384770
MP00001607,2026-08-20,INS0047,STK047,215.35,216.91,214.09,215.74,396545
MP00001608,2026-08-20,INS0048,STK048,1313.94,1320.16,1293.47,1301.74,143637
MP00001609,2026-08-20,INS0049,STK049,852.58,860.83,852.53,853.31,44510
MP00001610,2026-08-20,INS0050,STK050,282.57,284.89,281.64,283.2,432191
MP00001611,2026-08-20,INS0051,STK051,577.77,580.88,573.42,576.36,393409
MP00001612,2026-08-20,INS0052,STK052,595.36,599.95,590.14,591.25,486131
MP00001613,2026-08-20,INS0053,STK053,459.54,461.59,456.2,457.66,471003
MP00001614,2026-08-20,INS0054,STK054,866.45,876.61,864.34,871.86,367173
MP00001615,2026-08-20,INS0055,STK055,1387.25,1396.34,1380.76,1390.25,491204
MP00001616,2026-08-20,INS0056,STK056,430.97,432.04,428.92,429.72,477039
MP00001617,2026-08-20,INS0057,STK057,1237.72,1247.9,1236.85,1240.32,72355
MP00001618,2026-08-20,INS0058,STK058,903.11,911.11,902.93,903.71,37410
MP00001619,2026-08-20,INS0059,STK059,550.5,556.55,549.61,554.18,415480
MP00001620,2026-08-20,INS0060,STK060,520.47,524.2,517.65,521.06,37431
MP00001621,2026-08-20,INS0061,STK061,187.31,188.12,183.34,187.14,341159
MP00001622,2026-08-20,INS0062,STK062,146.39,146.57,146.05,146.09,473142
MP00001623,2026-08-20,INS0063,STK063,514.64,516.41,514.18,516.06,474372
MP00001624,2026-08-20,INS0064,STK064,243.27,244.74,241.58,241.84,360235
MP00001625,2026-08-20,INS0065,STK065,434.53,440.47,433.08,436.05,19756
MP00001626,2026-08-20,INS0066,STK066,301.3,302.29,298.51,300.91,463682
MP00001627,2026-08-20,INS0067,STK067,117.93,118.39,117.62,118.32,365462
MP00001628,2026-08-20,INS0068,STK068,573.19,573.37,568.54,570.69,358492
MP00001629,2026-08-20,INS0069,STK069,325.98,326.22,322.55,323.0,471015
MP00001630,2026-08-20,INS0070,STK070,466.41,474.19,463.93,470.43,384302
MP00001631,2026-08-20,INS0071,STK071,224.98,228.27,224.7,226.08,59635
MP00001632,2026-08-20,INS0072,STK072,355.36,355.87,354.59,355.13,289548
MP00001633,2026-08-20,INS0073,STK073,1491.51,1494.94,1471.25,1492.94,180010
MP00001634,2026-08-20,INS0074,STK074,493.27,493.51,492.29,493.17,495972
MP00001635,2026-08-20,INS0075,STK075,684.6,690.78,678.19,679.9,73294
MP00001636,2026-08-20,INS0076,STK076,181.2,181.86,180.81,181.11,82554
MP00001637,2026-08-20,INS0077,STK077,2822.99,2829.39,2806.07,2827.07,35346
MP00001638,2026-08-20,INS0078,STK078,1771.22,1780.35,1750.16,1750.68,493598
MP00001639,2026-08-20,INS0079,STK079,1234.41,1243.56,1233.23,1235.61,329199
MP00001640,2026-08-20,INS0080,STK080,881.81,882.01,877.16,878.27,94834
MP00001641,2026-08-20,INS0081,STK081,453.97,455.85,452.08,455.0,225791
MP00001642,2026-08-20,INS0082,STK082,592.09,596.21,589.26,593.47,141930
MP00001643,2026-08-20,INS0083,STK083,1011.28,1023.65,1009.37,1014.4,246847
MP00001644,2026-08-20,INS0084,STK084,277.7,279.08,274.64,276.01,71457
MP00001645,2026-08-20,INS0085,STK085,329.98,330.72,327.98,330.67,87318
MP00001646,2026-08-20,INS0086,STK086,130.18,130.93,129.82,130.22,188728
MP00001647,2026-08-20,INS0087,STK087,252.89,253.97,252.31,253.06,124506
MP00001648,2026-08-20,INS0088,STK088,1607.01,1612.77,1603.52,1603.88,61827
MP00001649,2026-08-20,INS0089,STK089,315.38,319.42,310.65,316.61,358787
MP00001650,2026-08-20,INS0090,STK090,352.05,357.1,349.5,353.54,290309
MP00001651,2026-08-20,INS0091,STK091,541.61,544.79,535.7,539.32,69789
MP00001652,2026-08-20,INS0092,STK092,131.31,132.63,131.26,131.41,177116
MP00001653,2026-08-20,INS0093,STK093,873.03,880.48,865.9,878.03,23740
MP00001654,2026-08-20,INS0094,STK094,1134.74,1141.28,1117.98,1129.32,401821
MP00001655,2026-08-20,INS0095,STK095,608.01,608.35,603.93,605.09,458995
MP00001656,2026-08-20,INS0096,STK096,1534.23,1559.34,1515.95,1547.0,391506
MP00001657,2026-08-20,INS0097,STK097,161.35,162.2,160.78,161.83,217113
MP00001658,2026-08-20,INS0098,STK098,1840.88,1859.04,1815.31,1837.66,326925
MP00001659,2026-08-20,INS0099,STK099,258.53,259.2,256.32,256.4,157816
MP00001660,2026-08-20,INS0100,STK100,177.86,179.53,177.3,178.38,477153
MP00001661,2026-08-20,INS0101,STK101,374.86,378.77,372.23,375.56,241899
MP00001662,2026-08-20,INS0102,STK102,1811.87,1823.97,1808.82,1811.09,38478
MP00001663,2026-08-20,INS0103,STK103,441.64,443.85,441.38,443.67,493261
MP00001664,2026-08-20,INS0104,STK104,212.07,213.74,211.02,213.36,203652
MP00001665,2026-08-20,INS0105,STK105,166.47,168.1,165.66,166.89,436627
MP00001666,2026-08-20,INS0106,STK106,419.26,421.0,418.59,418.96,278662
MP00001667,2026-08-20,INS0107,STK107,99.79,101.81,99.58,100.11,52974
MP00001668,2026-08-20,INS0108,STK108,172.68,173.47,170.92,172.83,317967
MP00001669,2026-08-20,INS0109,STK109,1436.05,1446.9,1416.64,1432.66,381431
MP00001670,2026-08-20,INS0110,STK110,1221.48,1221.54,1218.94,1220.87,113691
MP00001671,2026-08-20,INS0111,STK111,400.57,405.08,399.26,400.02,199579
MP00001672,2026-08-20,INS0112,STK112,332.21,333.8,328.17,331.55,299822
MP00001673,2026-08-20,INS0113,STK113,466.39,469.84,465.25,466.72,283896
MP00001674,2026-08-20,INS0114,STK114,2803.91,2820.73,2782.41,2805.71,395200
MP00001675,2026-08-20,INS0115,STK115,607.46,612.02,604.48,609.85,313700
MP00001676,2026-08-20,INS0116,STK116,926.94,933.71,917.99,920.17,53558
MP00001677,2026-08-20,INS0117,STK117,398.95,401.52,397.01,399.61,71684
MP00001678,2026-08-20,INS0118,STK118,445.57,449.05,443.47,447.03,273279
MP00001679,2026-08-20,INS0119,STK119,745.72,754.09,740.8,745.9,243887
MP00001680,2026-08-20,INS0120,STK120,477.95,480.07,473.72,474.53,238644
MP00001681,2026-08-21,INS0001,STK001,494.25,495.49,492.94,494.03,25063
MP00001682,2026-08-21,INS0002,STK002,189.18,189.94,187.27,189.83,94946
MP00001683,2026-08-21,INS0003,STK003,974.28,975.58,965.29,971.18,321295
MP00001684,2026-08-21,INS0004,STK004,1269.66,1289.76,1267.54,1273.86,435915
MP00001685,2026-08-21,INS0005,STK005,747.45,749.96,743.65,745.89,175529
MP00001686,2026-08-21,INS0006,STK006,216.52,219.06,215.93,216.03,261767
MP00001687,2026-08-21,INS0007,STK007,253.85,254.13,250.47,253.45,371990
MP00001688,2026-08-21,INS0008,STK008,186.13,188.49,185.43,186.55,147693
MP00001689,2026-08-21,INS0009,STK009,824.63,824.74,819.91,822.09,323858
MP00001690,2026-08-21,INS0010,STK010,1182.06,1186.53,1165.71,1174.39,130883
MP00001691,2026-08-21,INS0011,STK011,601.26,607.86,598.78,602.69,495092
MP00001692,2026-08-21,INS0012,STK012,836.83,839.08,828.93,835.75,260927
MP00001693,2026-08-21,INS0013,STK013,237.27,238.34,235.7,236.78,278821
MP00001694,2026-08-21,INS0014,STK014,505.78,512.52,504.43,504.53,464500
MP00001695,2026-08-21,INS0015,STK015,165.12,166.82,164.1,164.58,163877
MP00001696,2026-08-21,INS0016,STK016,266.14,267.52,264.59,265.31,203545
MP00001697,2026-08-21,INS0017,STK017,924.08,936.92,922.9,927.22,91863
MP00001698,2026-08-21,INS0018,STK018,380.1,385.41,379.7,381.63,285995
MP00001699,2026-08-21,INS0019,STK019,1138.73,1143.8,1132.89,1134.85,499982
MP00001700,2026-08-21,INS0020,STK020,675.65,682.56,671.2,675.47,232452
MP00001701,2026-08-21,INS0021,STK021,3632.72,3701.25,3612.31,3647.72,462827
MP00001702,2026-08-21,INS0022,STK022,472.57,474.06,470.68,472.93,488899
MP00001703,2026-08-21,INS0023,STK023,152.63,153.12,151.67,152.49,433904
MP00001704,2026-08-21,INS0024,STK024,408.19,410.77,404.17,408.3,177820
MP00001705,2026-08-21,INS0025,STK025,212.33,212.5,212.2,212.35,37235
MP00001706,2026-08-21,INS0026,STK026,936.0,939.45,929.86,936.44,384975
MP00001707,2026-08-21,INS0027,STK027,480.13,484.43,478.63,480.53,449795
MP00001708,2026-08-21,INS0028,STK028,379.47,380.46,378.98,379.46,137894
MP00001709,2026-08-21,INS0029,STK029,394.71,396.8,393.29,396.17,405580
MP00001710,2026-08-21,INS0030,STK030,769.12,778.59,764.84,765.33,75781
MP00001711,2026-08-21,INS0031,STK031,320.54,326.44,318.91,319.25,153573
MP00001712,2026-08-21,INS0032,STK032,797.09,800.98,793.21,797.4,383834
MP00001713,2026-08-21,INS0033,STK033,916.58,922.54,905.97,916.55,434642
MP00001714,2026-08-21,INS0034,STK034,348.63,349.49,345.43,347.62,391595
MP00001715,2026-08-21,INS0035,STK035,215.36,216.95,214.6,216.03,228400
MP00001716,2026-08-21,INS0036,STK036,309.9,310.05,308.34,309.48,298441
MP00001717,2026-08-21,INS0037,STK037,762.9,776.04,762.55,768.15,129828
MP00001718,2026-08-21,INS0038,STK038,478.45,482.16,473.5,479.45,280871
MP00001719,2026-08-21,INS0039,STK039,736.74,740.92,734.23,739.22,142475
MP00001720,2026-08-21,INS0040,STK040,1695.33,1719.18,1679.65,1688.47,83042
MP00001721,2026-08-21,INS0041,STK041,539.28,542.54,538.11,539.81,329716
MP00001722,2026-08-21,INS0042,STK042,259.73,261.17,257.5,258.22,152163
MP00001723,2026-08-21,INS0043,STK043,989.36,989.57,986.32,989.37,497129
MP00001724,2026-08-21,INS0044,STK044,484.08,485.8,481.66,484.94,151035
MP00001725,2026-08-21,INS0045,STK045,879.84,885.02,872.95,877.55,463652
MP00001726,2026-08-21,INS0046,STK046,953.52,959.27,932.51,950.19,156371
MP00001727,2026-08-21,INS0047,STK047,214.26,216.52,213.43,214.5,144918
MP00001728,2026-08-21,INS0048,STK048,1304.34,1320.27,1289.16,1300.67,161170
MP00001729,2026-08-21,INS0049,STK049,849.85,857.21,842.56,854.9,29674
MP00001730,2026-08-21,INS0050,STK050,282.46,284.06,282.32,283.09,220121
MP00001731,2026-08-21,INS0051,STK051,568.22,573.58,562.49,570.77,202012
MP00001732,2026-08-21,INS0052,STK052,584.32,584.72,581.52,584.33,396125
MP00001733,2026-08-21,INS0053,STK053,449.26,453.09,448.5,452.23,464064
MP00001734,2026-08-21,INS0054,STK054,877.31,877.43,875.13,876.94,164339
MP00001735,2026-08-21,INS0055,STK055,1383.59,1392.52,1378.82,1381.16,461127
MP00001736,2026-08-21,INS0056,STK056,432.33,433.09,430.81,431.33,378167
MP00001737,2026-08-21,INS0057,STK057,1235.59,1248.01,1226.45,1241.18,462420
MP00001738,2026-08-21,INS0058,STK058,899.09,901.62,895.87,896.69,52850
MP00001739,2026-08-21,INS0059,STK059,552.01,555.8,549.35,549.99,187047
MP00001740,2026-08-21,INS0060,STK060,522.23,524.06,518.61,521.62,401896
MP00001741,2026-08-21,INS0061,STK061,187.12,188.52,187.05,187.25,395590
MP00001742,2026-08-21,INS0062,STK062,145.37,147.25,143.46,146.67,266306
MP00001743,2026-08-21,INS0063,STK063,514.03,517.23,512.12,514.18,290130
MP00001744,2026-08-21,INS0064,STK064,240.61,242.18,237.54,240.21,91499
MP00001745,2026-08-21,INS0065,STK065,436.95,438.59,436.21,436.43,365760
MP00001746,2026-08-21,INS0066,STK066,303.95,306.83,301.26,304.35,90667
MP00001747,2026-08-21,INS0067,STK067,116.82,117.75,116.14,116.56,408423
MP00001748,2026-08-21,INS0068,STK068,567.12,567.75,563.71,567.05,92951
MP00001749,2026-08-21,INS0069,STK069,323.35,325.08,322.6,324.53,25535
MP00001750,2026-08-21,INS0070,STK070,470.78,471.67,467.82,471.25,351358
MP00001751,2026-08-21,INS0071,STK071,226.11,228.1,225.22,227.18,132580
MP00001752,2026-08-21,INS0072,STK072,356.93,357.45,348.43,353.91,84783
MP00001753,2026-08-21,INS0073,STK073,1476.15,1479.94,1472.52,1473.81,381007
MP00001754,2026-08-21,INS0074,STK074,496.74,505.0,491.71,499.8,427669
MP00001755,2026-08-21,INS0075,STK075,683.78,686.21,671.71,685.82,111345
MP00001756,2026-08-21,INS0076,STK076,180.04,181.7,179.51,181.07,215404
MP00001757,2026-08-21,INS0077,STK077,2797.4,2817.09,2781.88,2808.1,109821
MP00001758,2026-08-21,INS0078,STK078,1742.31,1756.49,1735.62,1743.83,394691
MP00001759,2026-08-21,INS0079,STK079,1235.44,1254.05,1232.48,1237.88,259526
MP00001760,2026-08-21,INS0080,STK080,879.69,884.74,876.48,876.5,359921
MP00001761,2026-08-21,INS0081,STK081,453.23,457.47,451.68,454.95,190587
MP00001762,2026-08-21,INS0082,STK082,603.24,604.11,599.24,601.16,326432
MP00001763,2026-08-21,INS0083,STK083,1025.96,1030.82,1017.1,1021.92,151296
MP00001764,2026-08-21,INS0084,STK084,273.94,276.2,272.26,273.44,234552
MP00001765,2026-08-21,INS0085,STK085,329.39,332.46,326.45,330.87,366469
MP00001766,2026-08-21,INS0086,STK086,130.0,130.91,128.8,129.68,418989
MP00001767,2026-08-21,INS0087,STK087,253.25,258.22,251.99,253.66,477148
MP00001768,2026-08-21,INS0088,STK088,1599.93,1612.22,1596.9,1603.07,490536
MP00001769,2026-08-21,INS0089,STK089,323.5,325.15,322.93,324.22,459342
MP00001770,2026-08-21,INS0090,STK090,354.1,355.23,353.24,354.76,215700
MP00001771,2026-08-21,INS0091,STK091,536.97,538.89,536.72,538.74,306680
MP00001772,2026-08-21,INS0092,STK092,134.19,134.55,132.9,133.36,135312
MP00001773,2026-08-21,INS0093,STK093,880.82,881.04,878.47,879.48,343589
MP00001774,2026-08-21,INS0094,STK094,1114.0,1119.09,1110.13,1115.68,444050
MP00001775,2026-08-21,INS0095,STK095,604.98,610.1,603.2,604.49,320250
MP00001776,2026-08-21,INS0096,STK096,1568.59,1569.09,1541.65,1554.62,404188
MP00001777,2026-08-21,INS0097,STK097,162.58,163.84,161.8,162.46,123204
MP00001778,2026-08-21,INS0098,STK098,1849.76,1858.8,1843.14,1852.5,288409
MP00001779,2026-08-21,INS0099,STK099,256.48,257.25,254.9,256.71,184141
MP00001780,2026-08-21,INS0100,STK100,178.31,178.91,178.22,178.49,86377
MP00001781,2026-08-21,INS0101,STK101,370.77,373.48,369.76,371.37,25412
MP00001782,2026-08-21,INS0102,STK102,1824.73,1848.6,1820.25,1833.37,355888
MP00001783,2026-08-21,INS0103,STK103,443.5,444.88,440.45,442.59,220926
MP00001784,2026-08-21,INS0104,STK104,211.14,212.26,210.01,211.69,451652
MP00001785,2026-08-21,INS0105,STK105,170.86,171.6,169.78,170.44,136170
MP00001786,2026-08-21,INS0106,STK106,424.99,426.45,424.17,424.63,368681
MP00001787,2026-08-21,INS0107,STK107,100.3,101.0,99.59,99.75,272537
MP00001788,2026-08-21,INS0108,STK108,171.07,171.26,169.8,170.25,448173
MP00001789,2026-08-21,INS0109,STK109,1425.3,1427.6,1420.96,1424.45,230691
MP00001790,2026-08-21,INS0110,STK110,1242.97,1254.98,1227.01,1236.39,498373
MP00001791,2026-08-21,INS0111,STK111,401.77,403.44,398.07,400.59,360435
MP00001792,2026-08-21,INS0112,STK112,328.48,329.13,327.79,327.99,490313
MP00001793,2026-08-21,INS0113,STK113,466.8,473.63,464.4,469.65,293181
MP00001794,2026-08-21,INS0114,STK114,2775.53,2815.55,2757.74,2801.0,240205
MP00001795,2026-08-21,INS0115,STK115,607.8,607.87,602.08,606.7,217285
MP00001796,2026-08-21,INS0116,STK116,911.1,921.88,905.03,915.97,138574
MP00001797,2026-08-21,INS0117,STK117,405.08,407.68,401.33,403.8,319199
MP00001798,2026-08-21,INS0118,STK118,448.16,453.18,447.83,448.99,103120
MP00001799,2026-08-21,INS0119,STK119,731.09,739.92,722.79,737.09,103391
MP00001800,2026-08-21,INS0120,STK120,474.49,476.92,473.53,475.93,151234
MP00001801,2026-08-24,INS0001,STK001,492.56,495.65,491.88,493.7,189111
MP00001802,2026-08-24,INS0002,STK002,189.68,190.22,188.04,189.32,443174
MP00001803,2026-08-24,INS0003,STK003,970.61,975.16,967.53,967.99,60368
MP00001804,2026-08-24,INS0004,STK004,1249.47,1254.78,1244.29,1248.08,233923
MP00001805,2026-08-24,INS0005,STK005,736.91,739.71,735.27,739.2,432768
MP00001806,2026-08-24,INS0006,STK006,220.45,220.71,218.11,218.57,133355
MP00001807,2026-08-24,INS0007,STK007,252.78,254.84,250.53,254.1,71377
MP00001808,2026-08-24,INS0008,STK008,186.76,187.26,183.95,186.19,386903
MP00001809,2026-08-24,INS0009,STK009,808.86,818.53,807.74,808.9,383739
MP00001810,2026-08-24,INS0010,STK010,1173.64,1185.23,1158.01,1179.98,195582
MP00001811,2026-08-24,INS0011,STK011,597.43,598.57,597.24,598.31,484514
MP00001812,2026-08-24,INS0012,STK012,827.94,832.61,826.44,827.52,419180
MP00001813,2026-08-24,INS0013,STK013,233.49,235.59,231.48,234.64,388997
MP00001814,2026-08-24,INS0014,STK014,507.18,510.13,504.39,506.59,256936
MP00001815,2026-08-24,INS0015,STK015,164.27,164.58,163.99,164.49,259048
MP00001816,2026-08-24,INS0016,STK016,269.22,270.17,265.74,267.15,362362
MP00001817,2026-08-24,INS0017,STK017,939.37,941.59,929.5,935.6,354475
MP00001818,2026-08-24,INS0018,STK018,379.53,382.92,377.8,379.38,186251
MP00001819,2026-08-24,INS0019,STK019,1130.5,1134.68,1125.96,1134.47,462132
MP00001820,2026-08-24,INS0020,STK020,674.52,676.99,671.36,673.84,317183
MP00001821,2026-08-24,INS0021,STK021,3621.58,3649.77,3556.92,3608.19,84797
MP00001822,2026-08-24,INS0022,STK022,469.95,472.21,463.77,468.34,201187
MP00001823,2026-08-24,INS0023,STK023,152.81,153.59,151.23,152.29,288271
MP00001824,2026-08-24,INS0024,STK024,410.37,412.36,406.16,408.11,22473
MP00001825,2026-08-24,INS0025,STK025,210.61,212.37,209.21,212.26,106988
MP00001826,2026-08-24,INS0026,STK026,933.98,941.84,929.02,936.04,467094
MP00001827,2026-08-24,INS0027,STK027,477.52,480.08,475.54,477.4,396221
MP00001828,2026-08-24,INS0028,STK028,385.01,386.31,383.37,385.96,480409
MP00001829,2026-08-24,INS0029,STK029,393.71,397.31,393.33,396.91,35247
MP00001830,2026-08-24,INS0030,STK030,758.2,770.79,755.06,761.82,415847
MP00001831,2026-08-24,INS0031,STK031,318.79,324.9,316.67,320.28,381930
MP00001832,2026-08-24,INS0032,STK032,793.9,795.55,790.99,791.99,246192
MP00001833,2026-08-24,INS0033,STK033,917.65,925.46,914.92,916.75,19940
MP00001834,2026-08-24,INS0034,STK034,347.88,350.39,347.71,348.74,197401
MP00001835,2026-08-24,INS0035,STK035,217.04,217.32,214.98,216.98,474364
MP00001836,2026-08-24,INS0036,STK036,307.37,309.65,302.87,306.38,300538
MP00001837,2026-08-24,INS0037,STK037,784.55,790.04,783.48,786.99,195321
MP00001838,2026-08-24,INS0038,STK038,483.86,489.35,482.93,484.01,131265
MP00001839,2026-08-24,INS0039,STK039,754.75,760.0,742.02,751.34,447239
MP00001840,2026-08-24,INS0040,STK040,1696.59,1705.17,1665.97,1685.01,232172
MP00001841,2026-08-24,INS0041,STK041,540.04,543.32,534.12,540.88,211417
MP00001842,2026-08-24,INS0042,STK042,258.72,260.42,254.43,258.29,116075
MP00001843,2026-08-24,INS0043,STK043,986.58,989.16,983.43,985.05,381859
MP00001844,2026-08-24,INS0044,STK044,491.25,494.0,484.23,487.88,229026
MP00001845,2026-08-24,INS0045,STK045,867.21,884.08,865.31,871.37,343027
MP00001846,2026-08-24,INS0046,STK046,955.24,961.62,952.81,955.51,37648
MP00001847,2026-08-24,INS0047,STK047,213.43,215.73,212.27,213.65,36641
MP00001848,2026-08-24,INS0048,STK048,1303.98,1313.64,1285.74,1304.83,164226
MP00001849,2026-08-24,INS0049,STK049,866.65,869.1,862.96,864.95,132722
MP00001850,2026-08-24,INS0050,STK050,282.42,283.51,281.62,282.79,130045
MP00001851,2026-08-24,INS0051,STK051,572.94,579.33,567.85,574.34,35090
MP00001852,2026-08-24,INS0052,STK052,579.82,587.44,577.37,581.95,451752
MP00001853,2026-08-24,INS0053,STK053,449.63,451.16,446.64,447.97,121113
MP00001854,2026-08-24,INS0054,STK054,888.84,892.73,888.34,888.68,217091
MP00001855,2026-08-24,INS0055,STK055,1383.89,1394.55,1379.05,1389.44,418728
MP00001856,2026-08-24,INS0056,STK056,432.49,434.25,429.8,430.87,340903
MP00001857,2026-08-24,INS0057,STK057,1251.81,1256.84,1245.9,1248.11,491784
MP00001858,2026-08-24,INS0058,STK058,888.73,893.18,884.11,889.43,438503
MP00001859,2026-08-24,INS0059,STK059,551.43,553.43,547.53,551.94,91434
MP00001860,2026-08-24,INS0060,STK060,522.67,523.53,522.44,522.53,491556
MP00001861,2026-08-24,INS0061,STK061,187.72,188.64,187.27,188.23,275361
MP00001862,2026-08-24,INS0062,STK062,148.56,150.32,147.14,148.61,465186
MP00001863,2026-08-24,INS0063,STK063,519.97,523.22,518.82,520.17,188803
MP00001864,2026-08-24,INS0064,STK064,239.98,241.9,236.45,237.56,60697
MP00001865,2026-08-24,INS0065,STK065,427.82,431.49,427.56,429.52,132474
MP00001866,2026-08-24,INS0066,STK066,306.21,306.26,303.76,304.95,61408
MP00001867,2026-08-24,INS0067,STK067,116.44,116.79,115.58,116.72,193501
MP00001868,2026-08-24,INS0068,STK068,561.09,562.6,558.79,561.92,122312
MP00001869,2026-08-24,INS0069,STK069,323.82,327.57,321.76,322.05,265117
MP00001870,2026-08-24,INS0070,STK070,469.17,470.45,467.71,468.35,44407
MP00001871,2026-08-24,INS0071,STK071,230.52,232.7,229.33,229.62,372722
MP00001872,2026-08-24,INS0072,STK072,352.26,355.29,351.9,352.58,417544
MP00001873,2026-08-24,INS0073,STK073,1457.63,1458.41,1450.91,1456.19,55693
MP00001874,2026-08-24,INS0074,STK074,503.64,504.99,494.19,499.55,161343
MP00001875,2026-08-24,INS0075,STK075,687.51,688.79,677.58,685.81,268180
MP00001876,2026-08-24,INS0076,STK076,179.11,181.32,178.76,179.59,121414
MP00001877,2026-08-24,INS0077,STK077,2826.76,2831.04,2808.78,2821.39,335987
MP00001878,2026-08-24,INS0078,STK078,1757.75,1762.89,1756.79,1759.76,261183
MP00001879,2026-08-24,INS0079,STK079,1229.39,1234.6,1219.1,1234.36,418858
MP00001880,2026-08-24,INS0080,STK080,868.68,873.13,855.83,866.02,258134
MP00001881,2026-08-24,INS0081,STK081,452.83,457.03,451.35,453.95,59409
MP00001882,2026-08-24,INS0082,STK082,601.77,607.68,601.07,602.61,452490
MP00001883,2026-08-24,INS0083,STK083,1000.29,1008.68,994.51,1004.43,474829
MP00001884,2026-08-24,INS0084,STK084,274.82,277.78,274.41,274.49,20133
MP00001885,2026-08-24,INS0085,STK085,330.61,332.39,328.38,329.88,419076
MP00001886,2026-08-24,INS0086,STK086,128.84,129.84,128.4,129.73,100947
MP00001887,2026-08-24,INS0087,STK087,253.36,254.14,251.81,253.07,234864
MP00001888,2026-08-24,INS0088,STK088,1602.95,1606.33,1580.28,1593.44,204308
MP00001889,2026-08-24,INS0089,STK089,324.56,325.52,321.07,323.93,370300
MP00001890,2026-08-24,INS0090,STK090,354.01,354.44,352.92,353.32,446211
MP00001891,2026-08-24,INS0091,STK091,534.93,537.64,533.99,537.21,423914
MP00001892,2026-08-24,INS0092,STK092,133.14,133.33,130.71,132.42,320062
MP00001893,2026-08-24,INS0093,STK093,883.9,888.84,882.24,883.26,188583
MP00001894,2026-08-24,INS0094,STK094,1128.9,1137.52,1119.91,1126.78,20114
MP00001895,2026-08-24,INS0095,STK095,602.49,605.19,599.62,600.28,462685
MP00001896,2026-08-24,INS0096,STK096,1545.99,1577.49,1544.39,1553.17,415096
MP00001897,2026-08-24,INS0097,STK097,160.92,161.31,160.17,161.04,411943
MP00001898,2026-08-24,INS0098,STK098,1854.84,1860.0,1847.79,1858.26,203899
MP00001899,2026-08-24,INS0099,STK099,255.61,258.02,254.41,257.17,382027
MP00001900,2026-08-24,INS0100,STK100,177.75,178.4,177.66,177.67,84975
MP00001901,2026-08-24,INS0101,STK101,369.22,373.72,369.02,371.12,372549
MP00001902,2026-08-24,INS0102,STK102,1844.0,1855.94,1843.02,1846.1,148383
MP00001903,2026-08-24,INS0103,STK103,435.03,440.49,432.77,436.93,52898
MP00001904,2026-08-24,INS0104,STK104,209.76,212.26,209.48,209.51,280970
MP00001905,2026-08-24,INS0105,STK105,170.6,172.58,167.87,171.23,308302
MP00001906,2026-08-24,INS0106,STK106,424.46,426.73,424.41,424.81,234978
MP00001907,2026-08-24,INS0107,STK107,100.16,100.16,98.74,99.69,431463
MP00001908,2026-08-24,INS0108,STK108,171.97,173.02,171.33,171.54,110539
MP00001909,2026-08-24,INS0109,STK109,1426.09,1438.8,1418.74,1432.5,114249
MP00001910,2026-08-24,INS0110,STK110,1249.85,1263.65,1244.8,1253.47,17131
MP00001911,2026-08-24,INS0111,STK111,404.7,406.33,399.76,403.47,295574
MP00001912,2026-08-24,INS0112,STK112,328.59,329.88,326.93,329.38,354709
MP00001913,2026-08-24,INS0113,STK113,468.63,473.66,468.61,469.45,188742
MP00001914,2026-08-24,INS0114,STK114,2797.69,2798.7,2766.58,2797.77,481897
MP00001915,2026-08-24,INS0115,STK115,606.51,607.98,606.18,606.68,152675
MP00001916,2026-08-24,INS0116,STK116,916.41,927.24,913.3,917.6,157483
MP00001917,2026-08-24,INS0117,STK117,397.26,401.06,394.71,399.93,397185
MP00001918,2026-08-24,INS0118,STK118,450.42,454.64,449.2,449.94,227253
MP00001919,2026-08-24,INS0119,STK119,734.4,738.77,733.41,735.66,309393
MP00001920,2026-08-24,INS0120,STK120,478.11,482.72,475.84,477.29,301220
MP00001921,2026-08-25,INS0001,STK001,499.56,500.13,499.21,499.72,418632
MP00001922,2026-08-25,INS0002,STK002,188.8,190.09,187.95,188.84,184847
MP00001923,2026-08-25,INS0003,STK003,963.97,969.66,951.71,961.12,120848
MP00001924,2026-08-25,INS0004,STK004,1248.76,1249.7,1230.64,1237.07,159385
MP00001925,2026-08-25,INS0005,STK005,727.02,735.03,726.82,730.85,116330
MP00001926,2026-08-25,INS0006,STK006,219.91,223.38,218.35,219.52,106742
MP00001927,2026-08-25,INS0007,STK007,250.22,252.15,250.08,250.46,197796
MP00001928,2026-08-25,INS0008,STK008,188.56,189.65,188.15,188.21,80207
MP00001929,2026-08-25,INS0009,STK009,809.98,810.17,806.55,808.31,261428
MP00001930,2026-08-25,INS0010,STK010,1173.99,1180.79,1162.2,1175.86,298298
MP00001931,2026-08-25,INS0011,STK011,595.82,597.73,590.62,597.22,82920
MP00001932,2026-08-25,INS0012,STK012,829.42,841.92,824.74,830.59,229999
MP00001933,2026-08-25,INS0013,STK013,234.2,235.74,233.14,233.76,231913
MP00001934,2026-08-25,INS0014,STK014,502.9,507.15,502.46,505.81,94244
MP00001935,2026-08-25,INS0015,STK015,165.31,166.59,165.0,165.88,227838
MP00001936,2026-08-25,INS0016,STK016,269.22,271.53,264.37,267.89,425673
MP00001937,2026-08-25,INS0017,STK017,923.63,929.43,920.72,926.29,404741
MP00001938,2026-08-25,INS0018,STK018,377.17,378.84,376.19,377.24,220468
MP00001939,2026-08-25,INS0019,STK019,1115.75,1120.87,1108.32,1118.41,222521
MP00001940,2026-08-25,INS0020,STK020,676.1,679.55,675.79,677.16,171764
MP00001941,2026-08-25,INS0021,STK021,3631.86,3637.91,3603.62,3629.09,60093
MP00001942,2026-08-25,INS0022,STK022,465.1,467.18,462.88,464.86,405654
MP00001943,2026-08-25,INS0023,STK023,154.76,155.46,153.57,155.12,53815
MP00001944,2026-08-25,INS0024,STK024,416.54,416.92,415.36,416.15,332547
MP00001945,2026-08-25,INS0025,STK025,213.61,215.75,210.26,212.3,24570
MP00001946,2026-08-25,INS0026,STK026,931.14,941.35,925.87,930.09,122446
MP00001947,2026-08-25,INS0027,STK027,476.61,479.2,474.79,478.45,413460
MP00001948,2026-08-25,INS0028,STK028,383.44,384.29,381.25,383.43,256992
MP00001949,2026-08-25,INS0029,STK029,399.51,402.99,398.59,399.94,55785
MP00001950,2026-08-25,INS0030,STK030,762.42,764.36,761.0,762.83,206166
MP00001951,2026-08-25,INS0031,STK031,318.83,322.91,317.79,320.89,439307
MP00001952,2026-08-25,INS0032,STK032,805.95,814.09,801.56,803.21,199001
MP00001953,2026-08-25,INS0033,STK033,916.32,919.88,912.05,912.22,361246
MP00001954,2026-08-25,INS0034,STK034,347.3,349.82,344.84,347.12,102862
MP00001955,2026-08-25,INS0035,STK035,217.04,220.4,215.05,218.47,117089
MP00001956,2026-08-25,INS0036,STK036,304.56,306.06,304.16,305.35,472890
MP00001957,2026-08-25,INS0037,STK037,794.53,802.45,787.69,797.16,441006
MP00001958,2026-08-25,INS0038,STK038,489.88,493.52,486.75,487.9,394597
MP00001959,2026-08-25,INS0039,STK039,752.17,761.19,746.91,749.11,210415
MP00001960,2026-08-25,INS0040,STK040,1667.68,1669.61,1654.37,1660.77,237557
MP00001961,2026-08-25,INS0041,STK041,533.93,535.24,530.66,534.63,325853
MP00001962,2026-08-25,INS0042,STK042,257.36,259.53,255.89,257.3,133307
MP00001963,2026-08-25,INS0043,STK043,992.16,998.64,977.58,988.24,487744
MP00001964,2026-08-25,INS0044,STK044,494.51,496.67,490.98,492.2,283953
MP00001965,2026-08-25,INS0045,STK045,871.7,874.39,867.37,869.86,367584
MP00001966,2026-08-25,INS0046,STK046,951.33,952.75,946.42,948.74,265855
MP00001967,2026-08-25,INS0047,STK047,215.26,215.31,211.09,213.41,496163
MP00001968,2026-08-25,INS0048,STK048,1298.95,1307.23,1295.95,1305.04,252479
MP00001969,2026-08-25,INS0049,STK049,871.91,883.8,869.82,874.03,188751
MP00001970,2026-08-25,INS0050,STK050,286.01,286.03,283.23,285.63,67172
MP00001971,2026-08-25,INS0051,STK051,569.74,571.76,567.8,569.75,422995
MP00001972,2026-08-25,INS0052,STK052,585.35,586.21,583.5,584.07,155174
MP00001973,2026-08-25,INS0053,STK053,444.44,448.81,443.33,444.92,366104
MP00001974,2026-08-25,INS0054,STK054,885.45,888.08,876.84,882.83,124147
MP00001975,2026-08-25,INS0055,STK055,1402.19,1407.24,1400.52,1401.04,332191
MP00001976,2026-08-25,INS0056,STK056,430.5,432.15,426.82,430.18,486663
MP00001977,2026-08-25,INS0057,STK057,1258.68,1265.05,1252.21,1254.52,483457
MP00001978,2026-08-25,INS0058,STK058,885.65,897.06,882.72,893.24,128217
MP00001979,2026-08-25,INS0059,STK059,551.63,553.56,545.61,551.59,433925
MP00001980,2026-08-25,INS0060,STK060,526.02,527.73,522.39,523.92,416557
MP00001981,2026-08-25,INS0061,STK061,188.27,189.66,188.23,188.54,453744
MP00001982,2026-08-25,INS0062,STK062,147.13,147.49,146.28,147.24,230194
MP00001983,2026-08-25,INS0063,STK063,522.46,524.42,520.63,522.2,296141
MP00001984,2026-08-25,INS0064,STK064,237.63,238.34,234.44,236.22,42862
MP00001985,2026-08-25,INS0065,STK065,425.75,428.96,424.09,425.86,488417
MP00001986,2026-08-25,INS0066,STK066,307.1,307.31,305.13,307.04,189012
MP00001987,2026-08-25,INS0067,STK067,116.67,116.7,115.35,116.17,60650
MP00001988,2026-08-25,INS0068,STK068,569.9,573.48,566.06,566.94,443109
MP00001989,2026-08-25,INS0069,STK069,323.42,325.68,322.41,324.89,48131
MP00001990,2026-08-25,INS0070,STK070,461.78,467.93,461.06,466.57,279878
MP00001991,2026-08-25,INS0071,STK071,231.68,232.49,231.14,231.59,450379
MP00001992,2026-08-25,INS0072,STK072,353.42,355.0,350.63,351.48,314114
MP00001993,2026-08-25,INS0073,STK073,1451.21,1460.85,1443.0,1455.39,394287
MP00001994,2026-08-25,INS0074,STK074,501.51,504.0,498.47,501.52,483354
MP00001995,2026-08-25,INS0075,STK075,697.39,707.18,695.5,697.09,297267
MP00001996,2026-08-25,INS0076,STK076,181.03,181.97,179.56,180.94,127278
MP00001997,2026-08-25,INS0077,STK077,2820.08,2831.11,2807.36,2820.09,166259
MP00001998,2026-08-25,INS0078,STK078,1760.1,1773.25,1750.53,1761.22,398826
MP00001999,2026-08-25,INS0079,STK079,1224.68,1225.63,1208.84,1218.83,406401
MP00002000,2026-08-25,INS0080,STK080,871.44,876.25,867.31,873.01,368423
MP00002001,2026-08-25,INS0081,STK081,458.52,458.67,456.28,457.22,178702
MP00002002,2026-08-25,INS0082,STK082,604.42,609.99,598.31,603.98,254307
MP00002003,2026-08-25,INS0083,STK083,1014.58,1014.58,1005.32,1010.22,383134
MP00002004,2026-08-25,INS0084,STK084,269.67,270.51,269.28,270.08,235931
MP00002005,2026-08-25,INS0085,STK085,328.42,329.42,324.15,327.04,374479
MP00002006,2026-08-25,INS0086,STK086,130.8,132.26,130.16,131.61,170066
MP00002007,2026-08-25,INS0087,STK087,252.96,253.73,249.86,252.55,74875
MP00002008,2026-08-25,INS0088,STK088,1611.55,1623.94,1602.43,1603.12,327266
MP00002009,2026-08-25,INS0089,STK089,322.74,324.15,320.53,322.0,299873
MP00002010,2026-08-25,INS0090,STK090,351.81,354.53,350.86,352.07,55635
MP00002011,2026-08-25,INS0091,STK091,545.81,549.59,545.11,545.24,394389
MP00002012,2026-08-25,INS0092,STK092,132.78,133.77,131.83,132.26,65178
MP00002013,2026-08-25,INS0093,STK093,892.01,895.84,886.88,886.97,187011
MP00002014,2026-08-25,INS0094,STK094,1122.58,1130.37,1114.91,1127.95,223598
MP00002015,2026-08-25,INS0095,STK095,602.82,603.19,596.66,601.47,420183
MP00002016,2026-08-25,INS0096,STK096,1563.03,1569.12,1552.61,1555.81,211489
MP00002017,2026-08-25,INS0097,STK097,159.41,159.54,157.83,158.51,113427
MP00002018,2026-08-25,INS0098,STK098,1864.88,1879.1,1845.35,1865.36,204161
MP00002019,2026-08-25,INS0099,STK099,255.32,256.26,252.06,256.07,467315
MP00002020,2026-08-25,INS0100,STK100,181.29,181.49,177.68,180.22,44018
MP00002021,2026-08-25,INS0101,STK101,366.78,370.42,363.5,368.84,156624
MP00002022,2026-08-25,INS0102,STK102,1842.61,1848.52,1834.11,1839.15,116566
MP00002023,2026-08-25,INS0103,STK103,446.42,446.67,438.32,445.57,322333
MP00002024,2026-08-25,INS0104,STK104,211.69,212.58,209.04,210.73,172679
MP00002025,2026-08-25,INS0105,STK105,170.2,170.62,169.59,169.89,353990
MP00002026,2026-08-25,INS0106,STK106,425.5,429.25,421.53,425.41,128502
MP00002027,2026-08-25,INS0107,STK107,98.19,99.84,97.73,98.72,35979
MP00002028,2026-08-25,INS0108,STK108,171.1,172.14,168.88,171.89,238732
MP00002029,2026-08-25,INS0109,STK109,1423.84,1434.04,1420.97,1423.31,321974
MP00002030,2026-08-25,INS0110,STK110,1262.08,1280.47,1259.33,1272.31,285364
MP00002031,2026-08-25,INS0111,STK111,405.18,406.16,404.43,404.83,491802
MP00002032,2026-08-25,INS0112,STK112,329.82,331.69,327.54,330.77,45682
MP00002033,2026-08-25,INS0113,STK113,473.94,475.91,471.69,473.03,122024
MP00002034,2026-08-25,INS0114,STK114,2815.24,2854.16,2814.43,2821.64,439118
MP00002035,2026-08-25,INS0115,STK115,601.36,604.12,592.48,603.34,465350
MP00002036,2026-08-25,INS0116,STK116,913.54,918.99,911.23,918.3,124794
MP00002037,2026-08-25,INS0117,STK117,398.99,404.12,394.74,398.5,138236
MP00002038,2026-08-25,INS0118,STK118,460.19,464.23,453.93,457.54,382857
MP00002039,2026-08-25,INS0119,STK119,720.48,725.4,714.51,722.33,229288
MP00002040,2026-08-25,INS0120,STK120,474.31,475.41,470.25,475.1,197991
MP00002041,2026-08-26,INS0001,STK001,492.06,493.53,487.93,493.5,100577
MP00002042,2026-08-26,INS0002,STK002,189.16,190.98,188.87,189.06,230928
MP00002043,2026-08-26,INS0003,STK003,954.65,968.25,950.87,961.84,184504
MP00002044,2026-08-26,INS0004,STK004,1226.77,1234.08,1214.12,1231.31,135934
MP00002045,2026-08-26,INS0005,STK005,726.24,726.63,717.55,724.86,413088
MP00002046,2026-08-26,INS0006,STK006,217.52,218.6,216.48,218.59,231435
MP00002047,2026-08-26,INS0007,STK007,250.56,252.92,249.52,249.79,21344
MP00002048,2026-08-26,INS0008,STK008,187.09,188.12,186.48,188.01,484547
MP00002049,2026-08-26,INS0009,STK009,808.69,812.8,807.71,809.0,218358
MP00002050,2026-08-26,INS0010,STK010,1177.48,1182.92,1175.83,1181.38,183083
MP00002051,2026-08-26,INS0011,STK011,595.89,602.93,593.25,595.73,405107
MP00002052,2026-08-26,INS0012,STK012,839.59,841.17,837.94,839.14,403132
MP00002053,2026-08-26,INS0013,STK013,233.24,235.09,232.96,233.68,334805
MP00002054,2026-08-26,INS0014,STK014,506.98,513.11,503.56,509.57,434517
MP00002055,2026-08-26,INS0015,STK015,165.55,167.17,164.39,165.48,487237
MP00002056,2026-08-26,INS0016,STK016,275.74,275.8,272.65,273.84,288477
MP00002057,2026-08-26,INS0017,STK017,926.54,930.85,922.86,929.76,225649
MP00002058,2026-08-26,INS0018,STK018,383.79,385.7,382.15,382.2,329367
MP00002059,2026-08-26,INS0019,STK019,1113.59,1116.43,1108.62,1112.22,307834
MP00002060,2026-08-26,INS0020,STK020,673.95,676.79,670.84,674.75,360408
MP00002061,2026-08-26,INS0021,STK021,3609.83,3626.01,3596.09,3621.78,396242
MP00002062,2026-08-26,INS0022,STK022,472.26,475.7,470.21,474.15,49437
MP00002063,2026-08-26,INS0023,STK023,154.9,155.0,154.25,154.86,343760
MP00002064,2026-08-26,INS0024,STK024,413.49,413.57,413.26,413.42,76573
MP00002065,2026-08-26,INS0025,STK025,213.7,216.21,213.39,214.52,390836
MP00002066,2026-08-26,INS0026,STK026,927.43,933.23,918.32,930.52,393703
MP00002067,2026-08-26,INS0027,STK027,477.66,480.57,475.47,477.61,281718
MP00002068,2026-08-26,INS0028,STK028,381.71,381.87,378.87,381.56,380515
MP00002069,2026-08-26,INS0029,STK029,400.84,402.4,397.02,401.5,231374
MP00002070,2026-08-26,INS0030,STK030,766.12,775.67,766.04,769.34,37987
MP00002071,2026-08-26,INS0031,STK031,324.89,325.75,321.09,322.92,235366
MP00002072,2026-08-26,INS0032,STK032,796.98,807.83,795.1,800.14,483851
MP00002073,2026-08-26,INS0033,STK033,909.07,912.31,903.09,905.04,257824
MP00002074,2026-08-26,INS0034,STK034,337.52,339.55,333.59,336.14,246526
MP00002075,2026-08-26,INS0035,STK035,218.21,220.08,216.46,216.83,467212
MP00002076,2026-08-26,INS0036,STK036,304.81,305.13,302.25,304.44,25921
MP00002077,2026-08-26,INS0037,STK037,795.0,797.62,794.37,796.78,176746
MP00002078,2026-08-26,INS0038,STK038,487.55,487.6,485.18,486.84,358121
MP00002079,2026-08-26,INS0039,STK039,757.12,769.32,755.78,766.09,327685
MP00002080,2026-08-26,INS0040,STK040,1666.58,1679.75,1661.5,1667.31,286054
MP00002081,2026-08-26,INS0041,STK041,531.29,534.28,526.96,529.36,472842
MP00002082,2026-08-26,INS0042,STK042,258.51,259.39,256.96,258.65,406770
MP00002083,2026-08-26,INS0043,STK043,987.77,994.29,978.27,991.34,315130
MP00002084,2026-08-26,INS0044,STK044,487.51,494.26,484.91,488.09,26838
MP00002085,2026-08-26,INS0045,STK045,871.69,874.16,868.6,871.87,441967
MP00002086,2026-08-26,INS0046,STK046,957.91,960.52,952.21,952.77,442822
MP00002087,2026-08-26,INS0047,STK047,215.35,215.44,215.13,215.17,136187
MP00002088,2026-08-26,INS0048,STK048,1288.76,1306.88,1283.73,1286.64,22470
MP00002089,2026-08-26,INS0049,STK049,879.29,883.39,874.5,878.57,346876
MP00002090,2026-08-26,INS0050,STK050,289.86,291.11,287.07,288.87,279883
MP00002091,2026-08-26,INS0051,STK051,574.78,579.13,574.15,578.42,499428
MP00002092,2026-08-26,INS0052,STK052,582.26,593.86,575.79,578.37,55819
MP00002093,2026-08-26,INS0053,STK053,442.19,446.35,439.17,444.4,265311
MP00002094,2026-08-26,INS0054,STK054,884.63,886.98,879.71,882.48,106847
MP00002095,2026-08-26,INS0055,STK055,1402.72,1416.89,1402.28,1408.63,95478
MP00002096,2026-08-26,INS0056,STK056,428.29,430.22,426.31,429.62,292667
MP00002097,2026-08-26,INS0057,STK057,1249.17,1250.07,1238.99,1247.36,377615
MP00002098,2026-08-26,INS0058,STK058,892.52,897.84,887.19,894.79,168207
MP00002099,2026-08-26,INS0059,STK059,550.27,551.01,545.73,550.1,340035
MP00002100,2026-08-26,INS0060,STK060,526.48,527.44,522.24,526.28,90312
MP00002101,2026-08-26,INS0061,STK061,186.64,187.61,185.94,187.32,155271
MP00002102,2026-08-26,INS0062,STK062,145.88,146.3,145.04,146.04,89317
MP00002103,2026-08-26,INS0063,STK063,527.12,533.64,524.44,527.73,87795
MP00002104,2026-08-26,INS0064,STK064,240.13,242.25,239.54,240.55,455991
MP00002105,2026-08-26,INS0065,STK065,427.27,434.28,424.87,432.11,476606
MP00002106,2026-08-26,INS0066,STK066,306.34,310.12,305.69,306.87,170476
MP00002107,2026-08-26,INS0067,STK067,117.29,119.13,116.1,117.15,336516
MP00002108,2026-08-26,INS0068,STK068,564.11,566.33,560.5,563.83,264572
MP00002109,2026-08-26,INS0069,STK069,327.29,327.56,324.01,326.21,91823
MP00002110,2026-08-26,INS0070,STK070,464.55,464.81,462.31,464.4,383683
MP00002111,2026-08-26,INS0071,STK071,233.12,233.96,232.07,233.93,159671
MP00002112,2026-08-26,INS0072,STK072,354.58,355.73,354.44,354.65,60603
MP00002113,2026-08-26,INS0073,STK073,1483.94,1486.7,1465.25,1479.76,222668
MP00002114,2026-08-26,INS0074,STK074,505.01,507.39,498.09,500.61,254460
MP00002115,2026-08-26,INS0075,STK075,708.08,716.68,699.37,705.95,257804
MP00002116,2026-08-26,INS0076,STK076,182.41,183.34,180.24,181.68,385627
MP00002117,2026-08-26,INS0077,STK077,2837.49,2849.93,2820.34,2821.79,16088
MP00002118,2026-08-26,INS0078,STK078,1771.92,1773.49,1760.11,1765.97,151615
MP00002119,2026-08-26,INS0079,STK079,1242.63,1245.26,1230.6,1235.5,246004
MP00002120,2026-08-26,INS0080,STK080,874.88,875.61,871.8,872.09,181792
MP00002121,2026-08-26,INS0081,STK081,459.51,459.92,450.95,456.93,166594
MP00002122,2026-08-26,INS0082,STK082,593.18,594.88,592.9,594.08,148896
MP00002123,2026-08-26,INS0083,STK083,1005.06,1014.21,999.96,1009.03,30914
MP00002124,2026-08-26,INS0084,STK084,273.06,276.75,270.49,270.65,101818
MP00002125,2026-08-26,INS0085,STK085,323.59,328.3,323.13,325.05,119822
MP00002126,2026-08-26,INS0086,STK086,130.31,131.18,129.74,130.56,168643
MP00002127,2026-08-26,INS0087,STK087,248.76,250.96,247.09,248.84,497242
MP00002128,2026-08-26,INS0088,STK088,1597.14,1603.94,1577.56,1595.64,350047
MP00002129,2026-08-26,INS0089,STK089,324.74,327.06,322.05,325.68,387838
MP00002130,2026-08-26,INS0090,STK090,348.79,349.12,347.18,347.92,230821
MP00002131,2026-08-26,INS0091,STK091,550.78,552.86,545.51,548.69,258738
MP00002132,2026-08-26,INS0092,STK092,133.76,133.88,132.41,133.19,119903
MP00002133,2026-08-26,INS0093,STK093,902.93,908.68,893.35,904.55,63906
MP00002134,2026-08-26,INS0094,STK094,1140.32,1149.22,1133.91,1137.36,140119
MP00002135,2026-08-26,INS0095,STK095,605.32,606.86,602.42,606.08,302880
MP00002136,2026-08-26,INS0096,STK096,1563.96,1583.72,1553.23,1560.39,462754
MP00002137,2026-08-26,INS0097,STK097,158.58,158.93,158.23,158.51,28277
MP00002138,2026-08-26,INS0098,STK098,1875.77,1883.94,1857.41,1878.12,487536
MP00002139,2026-08-26,INS0099,STK099,258.53,259.31,255.94,258.64,140305
MP00002140,2026-08-26,INS0100,STK100,179.74,182.38,178.98,180.46,19201
MP00002141,2026-08-26,INS0101,STK101,372.12,377.81,370.77,372.67,80422
MP00002142,2026-08-26,INS0102,STK102,1874.43,1893.58,1866.38,1882.06,161714
MP00002143,2026-08-26,INS0103,STK103,444.1,447.47,441.76,445.82,263951
MP00002144,2026-08-26,INS0104,STK104,209.88,211.66,208.8,210.9,300938
MP00002145,2026-08-26,INS0105,STK105,169.06,170.83,168.82,169.76,409949
MP00002146,2026-08-26,INS0106,STK106,424.26,428.23,424.07,425.87,452846
MP00002147,2026-08-26,INS0107,STK107,99.6,99.87,99.5,99.69,79579
MP00002148,2026-08-26,INS0108,STK108,171.17,172.07,170.21,172.01,430349
MP00002149,2026-08-26,INS0109,STK109,1430.72,1433.19,1416.62,1425.46,35261
MP00002150,2026-08-26,INS0110,STK110,1269.08,1272.41,1261.41,1269.78,13590
MP00002151,2026-08-26,INS0111,STK111,405.09,408.33,401.33,406.42,416582
MP00002152,2026-08-26,INS0112,STK112,329.0,329.52,328.04,329.44,44798
MP00002153,2026-08-26,INS0113,STK113,467.82,469.34,465.61,468.41,261197
MP00002154,2026-08-26,INS0114,STK114,2833.06,2835.14,2807.5,2831.76,18164
MP00002155,2026-08-26,INS0115,STK115,616.02,617.52,611.32,612.97,233136
MP00002156,2026-08-26,INS0116,STK116,919.05,922.9,909.8,916.17,495110
MP00002157,2026-08-26,INS0117,STK117,395.75,397.17,392.36,395.2,266349
MP00002158,2026-08-26,INS0118,STK118,469.51,474.94,463.59,464.61,233773
MP00002159,2026-08-26,INS0119,STK119,726.92,729.63,718.89,722.59,253707
MP00002160,2026-08-26,INS0120,STK120,476.69,479.74,473.19,478.7,489757
MP00002161,2026-08-27,INS0001,STK001,494.77,498.84,493.72,493.84,181361
MP00002162,2026-08-27,INS0002,STK002,186.21,187.06,185.1,185.91,95054
MP00002163,2026-08-27,INS0003,STK003,954.66,960.98,951.35,955.51,431770
MP00002164,2026-08-27,INS0004,STK004,1249.2,1252.78,1233.16,1237.59,141240
MP00002165,2026-08-27,INS0005,STK005,727.32,732.7,725.97,728.25,71599
MP00002166,2026-08-27,INS0006,STK006,216.39,217.3,216.12,216.42,457049
MP00002167,2026-08-27,INS0007,STK007,248.17,250.78,246.49,249.07,39948
MP00002168,2026-08-27,INS0008,STK008,184.49,184.95,184.38,184.48,219002
MP00002169,2026-08-27,INS0009,STK009,811.46,814.46,804.93,808.97,363426
MP00002170,2026-08-27,INS0010,STK010,1197.39,1197.81,1188.04,1193.35,12039
MP00002171,2026-08-27,INS0011,STK011,601.77,606.71,594.56,601.97,284879
MP00002172,2026-08-27,INS0012,STK012,847.0,847.9,841.19,847.69,62693
MP00002173,2026-08-27,INS0013,STK013,233.98,234.87,233.97,234.67,63214
MP00002174,2026-08-27,INS0014,STK014,513.87,515.22,511.87,514.31,268121
MP00002175,2026-08-27,INS0015,STK015,165.24,167.47,164.29,165.22,304319
MP00002176,2026-08-27,INS0016,STK016,272.3,276.47,271.08,272.7,462938
MP00002177,2026-08-27,INS0017,STK017,937.97,939.52,936.24,938.29,382559
MP00002178,2026-08-27,INS0018,STK018,382.09,386.75,379.5,383.09,13399
MP00002179,2026-08-27,INS0019,STK019,1093.59,1102.94,1082.23,1096.36,464581
MP00002180,2026-08-27,INS0020,STK020,683.89,687.61,680.48,681.34,365923
MP00002181,2026-08-27,INS0021,STK021,3585.41,3615.68,3557.13,3615.42,66632
MP00002182,2026-08-27,INS0022,STK022,471.05,479.47,465.2,471.62,420321
MP00002183,2026-08-27,INS0023,STK023,156.28,158.39,155.96,156.07,49865
MP00002184,2026-08-27,INS0024,STK024,416.39,420.35,413.83,416.22,218567
MP00002185,2026-08-27,INS0025,STK025,211.31,216.34,210.99,212.88,483220
MP00002186,2026-08-27,INS0026,STK026,932.26,943.31,926.42,929.36,265665
MP00002187,2026-08-27,INS0027,STK027,471.67,480.08,467.23,474.16,232289
MP00002188,2026-08-27,INS0028,STK028,377.61,381.5,376.92,378.88,261707
MP00002189,2026-08-27,INS0029,STK029,394.71,395.71,386.76,392.01,322250
MP00002190,2026-08-27,INS0030,STK030,763.54,766.53,757.23,763.13,377293
MP00002191,2026-08-27,INS0031,STK031,322.29,323.41,319.35,322.48,295279
MP00002192,2026-08-27,INS0032,STK032,782.52,786.38,781.43,782.2,462517
MP00002193,2026-08-27,INS0033,STK033,898.45,902.06,888.93,895.16,61588
MP00002194,2026-08-27,INS0034,STK034,337.75,340.72,335.55,337.78,399470
MP00002195,2026-08-27,INS0035,STK035,215.67,216.54,214.2,214.39,56873
MP00002196,2026-08-27,INS0036,STK036,304.37,307.49,299.47,304.06,486111
MP00002197,2026-08-27,INS0037,STK037,789.36,799.4,785.19,786.31,400359
MP00002198,2026-08-27,INS0038,STK038,487.61,490.54,486.76,488.44,118406
MP00002199,2026-08-27,INS0039,STK039,766.04,767.34,759.73,764.09,437209
MP00002200,2026-08-27,INS0040,STK040,1656.95,1657.04,1637.66,1655.11,16242
MP00002201,2026-08-27,INS0041,STK041,518.65,519.18,516.05,518.28,428867
MP00002202,2026-08-27,INS0042,STK042,258.3,259.24,256.16,256.81,351977
MP00002203,2026-08-27,INS0043,STK043,998.4,1001.61,991.37,996.63,159519
MP00002204,2026-08-27,INS0044,STK044,495.32,496.75,492.75,494.18,246729
MP00002205,2026-08-27,INS0045,STK045,874.45,881.19,870.24,870.34,239945
MP00002206,2026-08-27,INS0046,STK046,947.95,956.69,942.96,952.01,205680
MP00002207,2026-08-27,INS0047,STK047,211.82,215.05,211.07,214.0,199287
MP00002208,2026-08-27,INS0048,STK048,1298.98,1299.65,1285.42,1299.35,10969
MP00002209,2026-08-27,INS0049,STK049,873.88,884.34,865.36,876.88,421439
MP00002210,2026-08-27,INS0050,STK050,288.68,291.94,287.43,290.95,60117
MP00002211,2026-08-27,INS0051,STK051,572.86,584.6,570.2,579.57,245603
MP00002212,2026-08-27,INS0052,STK052,583.63,588.0,578.22,578.94,320748
MP00002213,2026-08-27,INS0053,STK053,435.19,441.48,433.44,440.79,77345
MP00002214,2026-08-27,INS0054,STK054,902.75,907.49,894.61,895.16,80793
MP00002215,2026-08-27,INS0055,STK055,1432.8,1433.21,1423.68,1425.25,497279
MP00002216,2026-08-27,INS0056,STK056,434.38,439.55,430.9,437.51,266043
MP00002217,2026-08-27,INS0057,STK057,1233.35,1242.91,1228.06,1236.43,435760
MP00002218,2026-08-27,INS0058,STK058,898.3,901.6,891.85,896.68,32413
MP00002219,2026-08-27,INS0059,STK059,546.26,548.94,545.39,546.62,398760
MP00002220,2026-08-27,INS0060,STK060,528.77,528.83,524.72,528.15,484040
MP00002221,2026-08-27,INS0061,STK061,188.09,188.76,187.24,187.76,183808
MP00002222,2026-08-27,INS0062,STK062,146.69,147.25,145.26,145.56,220511
MP00002223,2026-08-27,INS0063,STK063,529.57,535.14,525.77,526.76,111290
MP00002224,2026-08-27,INS0064,STK064,245.01,245.1,241.95,244.61,44890
MP00002225,2026-08-27,INS0065,STK065,430.33,434.94,430.06,431.65,355328
MP00002226,2026-08-27,INS0066,STK066,301.79,303.59,300.18,301.51,430825
MP00002227,2026-08-27,INS0067,STK067,116.74,116.91,116.56,116.65,426727
MP00002228,2026-08-27,INS0068,STK068,559.79,560.79,557.6,558.91,238088
MP00002229,2026-08-27,INS0069,STK069,323.39,325.98,323.07,323.82,342034
MP00002230,2026-08-27,INS0070,STK070,467.91,469.11,465.2,467.04,441192
MP00002231,2026-08-27,INS0071,STK071,235.5,237.35,233.02,235.6,104852
MP00002232,2026-08-27,INS0072,STK072,351.49,354.69,349.86,352.27,450025
MP00002233,2026-08-27,INS0073,STK073,1471.46,1485.61,1468.16,1473.26,333540
MP00002234,2026-08-27,INS0074,STK074,496.11,498.49,495.48,497.82,214284
MP00002235,2026-08-27,INS0075,STK075,713.56,716.03,710.4,714.58,370921
MP00002236,2026-08-27,INS0076,STK076,182.91,185.35,182.61,183.02,393382
MP00002237,2026-08-27,INS0077,STK077,2858.36,2859.75,2814.19,2837.11,396995
MP00002238,2026-08-27,INS0078,STK078,1753.62,1757.21,1750.78,1751.45,302517
MP00002239,2026-08-27,INS0079,STK079,1223.32,1230.32,1216.4,1218.72,234059
MP00002240,2026-08-27,INS0080,STK080,874.7,883.99,865.73,880.72,150229
MP00002241,2026-08-27,INS0081,STK081,463.7,469.31,458.93,463.99,90684
MP00002242,2026-08-27,INS0082,STK082,582.82,589.72,581.07,585.79,479259
MP00002243,2026-08-27,INS0083,STK083,1028.23,1035.53,1027.03,1027.29,498835
MP00002244,2026-08-27,INS0084,STK084,272.07,272.92,268.15,270.42,377386
MP00002245,2026-08-27,INS0085,STK085,324.89,326.03,320.89,325.48,151043
MP00002246,2026-08-27,INS0086,STK086,128.63,130.19,128.03,129.19,447983
MP00002247,2026-08-27,INS0087,STK087,244.16,247.29,244.14,245.33,18373
MP00002248,2026-08-27,INS0088,STK088,1567.67,1574.36,1562.74,1567.0,417594
MP00002249,2026-08-27,INS0089,STK089,327.31,330.23,327.16,328.38,174500
MP00002250,2026-08-27,INS0090,STK090,349.0,349.81,346.9,347.69,303996
MP00002251,2026-08-27,INS0091,STK091,547.25,553.9,542.52,550.71,387033
MP00002252,2026-08-27,INS0092,STK092,134.29,134.79,133.54,134.4,316677
MP00002253,2026-08-27,INS0093,STK093,903.45,904.99,898.3,903.85,169152
MP00002254,2026-08-27,INS0094,STK094,1154.08,1168.14,1148.19,1152.84,443912
MP00002255,2026-08-27,INS0095,STK095,603.66,605.66,599.4,602.09,50849
MP00002256,2026-08-27,INS0096,STK096,1548.25,1563.23,1542.14,1555.18,100930
MP00002257,2026-08-27,INS0097,STK097,157.0,157.86,155.71,157.37,481399
MP00002258,2026-08-27,INS0098,STK098,1881.15,1894.08,1862.5,1890.72,206236
MP00002259,2026-08-27,INS0099,STK099,258.31,262.54,256.14,260.95,319964
MP00002260,2026-08-27,INS0100,STK100,179.56,182.2,178.56,179.81,485521
MP00002261,2026-08-27,INS0101,STK101,370.87,373.93,367.86,368.54,239358
MP00002262,2026-08-27,INS0102,STK102,1907.51,1917.57,1899.79,1900.68,445775
MP00002263,2026-08-27,INS0103,STK103,440.54,443.06,438.18,442.69,343617
MP00002264,2026-08-27,INS0104,STK104,210.21,211.21,209.62,210.22,446562
MP00002265,2026-08-27,INS0105,STK105,168.77,169.11,166.41,168.31,346361
MP00002266,2026-08-27,INS0106,STK106,428.6,429.96,426.57,426.85,414136
MP00002267,2026-08-27,INS0107,STK107,98.7,99.11,98.59,99.08,286196
MP00002268,2026-08-27,INS0108,STK108,172.03,173.43,171.49,172.98,360445
MP00002269,2026-08-27,INS0109,STK109,1418.62,1430.92,1409.42,1419.09,269407
MP00002270,2026-08-27,INS0110,STK110,1278.0,1282.75,1273.35,1275.25,384154
MP00002271,2026-08-27,INS0111,STK111,404.54,406.3,400.13,403.42,34791
MP00002272,2026-08-27,INS0112,STK112,331.33,334.07,331.24,332.69,471614
MP00002273,2026-08-27,INS0113,STK113,465.27,467.42,465.13,466.54,48217
MP00002274,2026-08-27,INS0114,STK114,2846.12,2876.31,2810.78,2833.8,46189
MP00002275,2026-08-27,INS0115,STK115,604.66,613.21,604.05,607.18,139814
MP00002276,2026-08-27,INS0116,STK116,917.38,921.07,906.42,916.05,115866
MP00002277,2026-08-27,INS0117,STK117,392.48,393.3,387.02,391.58,69026
MP00002278,2026-08-27,INS0118,STK118,465.82,469.15,461.37,464.44,455489
MP00002279,2026-08-27,INS0119,STK119,716.7,719.38,714.83,717.05,294009
MP00002280,2026-08-27,INS0120,STK120,479.25,480.79,471.47,478.1,99037
MP00002281,2026-08-28,INS0001,STK001,496.76,497.54,495.0,495.58,387282
MP00002282,2026-08-28,INS0002,STK002,187.64,189.01,185.92,186.68,437924
MP00002283,2026-08-28,INS0003,STK003,948.16,953.24,944.4,952.07,219263
MP00002284,2026-08-28,INS0004,STK004,1248.07,1262.91,1227.37,1258.42,254119
MP00002285,2026-08-28,INS0005,STK005,721.16,724.43,714.37,720.75,110497
MP00002286,2026-08-28,INS0006,STK006,217.7,221.14,217.65,218.96,374630
MP00002287,2026-08-28,INS0007,STK007,251.52,253.39,249.02,251.5,168459
MP00002288,2026-08-28,INS0008,STK008,187.4,187.98,186.01,187.3,483530
MP00002289,2026-08-28,INS0009,STK009,801.4,804.22,796.02,798.76,308213
MP00002290,2026-08-28,INS0010,STK010,1191.68,1195.04,1167.07,1185.08,447766
MP00002291,2026-08-28,INS0011,STK011,609.17,609.85,609.03,609.2,218974
MP00002292,2026-08-28,INS0012,STK012,841.07,845.6,831.1,835.06,103758
MP00002293,2026-08-28,INS0013,STK013,232.91,233.91,231.22,231.68,484285
MP00002294,2026-08-28,INS0014,STK014,511.84,515.71,508.98,512.31,47972
MP00002295,2026-08-28,INS0015,STK015,167.06,167.13,163.68,165.48,183707
MP00002296,2026-08-28,INS0016,STK016,276.57,279.0,274.23,276.19,411295
MP00002297,2026-08-28,INS0017,STK017,940.18,940.84,931.49,936.9,84548
MP00002298,2026-08-28,INS0018,STK018,380.29,385.13,379.05,381.23,270272
MP00002299,2026-08-28,INS0019,STK019,1100.7,1105.26,1089.03,1099.1,469308
MP00002300,2026-08-28,INS0020,STK020,682.62,686.19,680.11,683.91,243041
MP00002301,2026-08-28,INS0021,STK021,3633.1,3635.33,3626.11,3628.2,389015
MP00002302,2026-08-28,INS0022,STK022,471.64,476.73,469.15,470.95,61965
MP00002303,2026-08-28,INS0023,STK023,153.17,154.98,152.0,153.65,368673
MP00002304,2026-08-28,INS0024,STK024,415.16,415.46,413.12,413.18,59615
MP00002305,2026-08-28,INS0025,STK025,214.18,215.39,211.88,215.31,17076
MP00002306,2026-08-28,INS0026,STK026,937.92,946.09,924.48,930.75,269040
MP00002307,2026-08-28,INS0027,STK027,477.16,478.63,469.85,472.93,423621
MP00002308,2026-08-28,INS0028,STK028,381.97,384.51,381.68,382.28,95443
MP00002309,2026-08-28,INS0029,STK029,391.67,392.9,385.86,388.48,432504
MP00002310,2026-08-28,INS0030,STK030,760.14,767.03,757.78,761.75,416480
MP00002311,2026-08-28,INS0031,STK031,321.94,324.61,318.51,322.84,439132
MP00002312,2026-08-28,INS0032,STK032,781.6,782.77,774.29,779.45,266703
MP00002313,2026-08-28,INS0033,STK033,896.82,898.15,895.59,895.89,181825
MP00002314,2026-08-28,INS0034,STK034,335.52,339.27,334.76,337.27,86964
MP00002315,2026-08-28,INS0035,STK035,212.58,213.38,210.6,212.01,20300
MP00002316,2026-08-28,INS0036,STK036,305.58,307.15,303.56,304.5,89244
MP00002317,2026-08-28,INS0037,STK037,773.89,779.14,771.19,778.0,460823
MP00002318,2026-08-28,INS0038,STK038,490.55,493.52,488.61,489.09,299821
MP00002319,2026-08-28,INS0039,STK039,774.33,774.64,768.85,772.54,320145
MP00002320,2026-08-28,INS0040,STK040,1654.97,1659.34,1643.39,1651.4,199674
MP00002321,2026-08-28,INS0041,STK041,511.84,518.57,510.33,513.45,450540
MP00002322,2026-08-28,INS0042,STK042,256.31,258.98,256.05,256.55,424879
MP00002323,2026-08-28,INS0043,STK043,990.77,1003.45,988.55,990.01,426276
MP00002324,2026-08-28,INS0044,STK044,495.13,496.68,491.27,496.53,242949
MP00002325,2026-08-28,INS0045,STK045,871.71,877.19,864.66,869.31,264290
MP00002326,2026-08-28,INS0046,STK046,966.81,971.54,960.09,965.12,363289
MP00002327,2026-08-28,INS0047,STK047,215.96,217.13,215.75,216.0,114012
MP00002328,2026-08-28,INS0048,STK048,1303.65,1306.01,1288.0,1297.76,227578
MP00002329,2026-08-28,INS0049,STK049,874.46,886.24,867.91,881.92,249901
MP00002330,2026-08-28,INS0050,STK050,289.86,290.45,288.83,290.03,195542
MP00002331,2026-08-28,INS0051,STK051,580.77,583.0,575.78,579.73,344066
MP00002332,2026-08-28,INS0052,STK052,578.41,582.76,574.78,577.27,201838
MP00002333,2026-08-28,INS0053,STK053,443.6,449.37,443.07,443.5,123398
MP00002334,2026-08-28,INS0054,STK054,911.89,914.44,895.63,905.48,88346
MP00002335,2026-08-28,INS0055,STK055,1425.94,1435.8,1418.61,1434.38,470133
MP00002336,2026-08-28,INS0056,STK056,441.61,444.85,438.61,440.74,156284
MP00002337,2026-08-28,INS0057,STK057,1241.66,1251.96,1235.48,1245.6,281659
MP00002338,2026-08-28,INS0058,STK058,894.79,902.01,891.77,900.65,54344
MP00002339,2026-08-28,INS0059,STK059,541.67,546.63,538.49,541.66,448810
MP00002340,2026-08-28,INS0060,STK060,531.23,536.36,529.74,535.39,178151
MP00002341,2026-08-28,INS0061,STK061,191.53,191.69,190.45,190.49,264568
MP00002342,2026-08-28,INS0062,STK062,146.21,146.75,144.37,145.29,231344
MP00002343,2026-08-28,INS0063,STK063,526.34,527.35,524.66,525.2,426962
MP00002344,2026-08-28,INS0064,STK064,245.23,246.16,242.15,245.81,188215
MP00002345,2026-08-28,INS0065,STK065,431.07,437.01,430.26,433.55,46516
MP00002346,2026-08-28,INS0066,STK066,300.19,301.32,299.46,301.02,401801
MP00002347,2026-08-28,INS0067,STK067,116.35,117.11,115.43,115.49,204946
MP00002348,2026-08-28,INS0068,STK068,557.79,566.16,554.58,560.28,105204
MP00002349,2026-08-28,INS0069,STK069,325.27,325.86,324.7,325.25,413065
MP00002350,2026-08-28,INS0070,STK070,468.41,473.54,466.66,469.76,460463
MP00002351,2026-08-28,INS0071,STK071,235.56,237.54,232.77,236.26,87568
MP00002352,2026-08-28,INS0072,STK072,351.49,353.62,351.26,351.5,56546
MP00002353,2026-08-28,INS0073,STK073,1479.88,1494.77,1474.0,1485.02,301559
MP00002354,2026-08-28,INS0074,STK074,501.67,502.65,494.01,498.08,72415
MP00002355,2026-08-28,INS0075,STK075,717.5,721.1,707.78,711.92,405386
MP00002356,2026-08-28,INS0076,STK076,181.69,182.99,179.08,182.76,14163
MP00002357,2026-08-28,INS0077,STK077,2814.95,2820.41,2789.71,2797.76,179720
MP00002358,2026-08-28,INS0078,STK078,1745.08,1757.48,1743.61,1748.9,477495
MP00002359,2026-08-28,INS0079,STK079,1223.9,1228.97,1217.48,1225.45,138840
MP00002360,2026-08-28,INS0080,STK080,882.61,888.94,879.39,883.11,107654
MP00002361,2026-08-28,INS0081,STK081,470.87,479.65,468.92,469.67,175432
MP00002362,2026-08-28,INS0082,STK082,582.75,587.98,575.03,584.56,147530
MP00002363,2026-08-28,INS0083,STK083,1035.02,1039.87,1027.9,1031.3,53183
MP00002364,2026-08-28,INS0084,STK084,271.06,273.32,270.34,272.14,152242
MP00002365,2026-08-28,INS0085,STK085,329.0,331.76,328.84,331.64,252045
MP00002366,2026-08-28,INS0086,STK086,129.14,129.52,129.03,129.34,250002
MP00002367,2026-08-28,INS0087,STK087,243.95,245.65,243.2,243.29,453355
MP00002368,2026-08-28,INS0088,STK088,1556.8,1580.81,1547.48,1577.67,79468
MP00002369,2026-08-28,INS0089,STK089,332.87,335.24,332.29,333.32,36627
MP00002370,2026-08-28,INS0090,STK090,348.62,350.1,345.92,346.79,105368
MP00002371,2026-08-28,INS0091,STK091,557.15,557.36,548.18,554.43,342705
MP00002372,2026-08-28,INS0092,STK092,134.76,136.84,133.59,135.73,483139
MP00002373,2026-08-28,INS0093,STK093,904.41,918.8,903.08,911.24,111633
MP00002374,2026-08-28,INS0094,STK094,1161.57,1165.73,1147.59,1154.0,160423
MP00002375,2026-08-28,INS0095,STK095,599.54,602.14,595.8,598.73,345817
MP00002376,2026-08-28,INS0096,STK096,1550.11,1557.79,1542.75,1554.17,446636
MP00002377,2026-08-28,INS0097,STK097,157.56,159.41,156.33,157.95,478691
MP00002378,2026-08-28,INS0098,STK098,1909.19,1919.12,1903.55,1904.5,75036
MP00002379,2026-08-28,INS0099,STK099,261.65,264.17,261.57,261.65,275283
MP00002380,2026-08-28,INS0100,STK100,180.29,180.77,178.04,179.26,70117
MP00002381,2026-08-28,INS0101,STK101,368.49,370.64,365.19,370.18,170480
MP00002382,2026-08-28,INS0102,STK102,1909.19,1919.19,1886.19,1913.81,167011
MP00002383,2026-08-28,INS0103,STK103,444.67,445.71,441.22,444.03,461360
MP00002384,2026-08-28,INS0104,STK104,209.26,211.83,208.53,208.82,98992
MP00002385,2026-08-28,INS0105,STK105,168.52,168.67,167.63,168.07,139970
MP00002386,2026-08-28,INS0106,STK106,429.44,430.91,427.89,430.1,233373
MP00002387,2026-08-28,INS0107,STK107,98.24,98.41,97.83,97.99,308800
MP00002388,2026-08-28,INS0108,STK108,169.06,171.38,167.89,170.1,29654
MP00002389,2026-08-28,INS0109,STK109,1434.27,1437.45,1431.89,1436.32,372114
MP00002390,2026-08-28,INS0110,STK110,1278.82,1280.64,1269.73,1280.48,398909
MP00002391,2026-08-28,INS0111,STK111,406.5,407.1,401.35,405.38,117576
MP00002392,2026-08-28,INS0112,STK112,330.36,331.26,329.46,329.83,233884
MP00002393,2026-08-28,INS0113,STK113,471.07,473.57,469.19,469.31,25151
MP00002394,2026-08-28,INS0114,STK114,2858.2,2863.93,2831.36,2840.05,398703
MP00002395,2026-08-28,INS0115,STK115,601.71,602.55,595.55,599.53,269757
MP00002396,2026-08-28,INS0116,STK116,926.83,929.15,922.8,926.55,321509
MP00002397,2026-08-28,INS0117,STK117,392.1,396.34,387.86,392.07,165916
MP00002398,2026-08-28,INS0118,STK118,465.2,468.36,459.73,462.97,300977
MP00002399,2026-08-28,INS0119,STK119,717.61,723.53,714.77,714.89,390663
MP00002400,2026-08-28,INS0120,STK120,469.23,473.11,465.79,470.46,327531
MP00002401,2026-08-31,INS0001,STK001,496.85,496.99,490.88,493.86,41001
MP00002402,2026-08-31,INS0002,STK002,190.76,192.24,190.48,190.77,145811
MP00002403,2026-08-31,INS0003,STK003,954.65,960.96,943.78,956.85,240592
MP00002404,2026-08-31,INS0004,STK004,1272.82,1277.8,1257.99,1277.14,262985
MP00002405,2026-08-31,INS0005,STK005,706.19,712.05,706.13,706.25,40571
MP00002406,2026-08-31,INS0006,STK006,222.98,225.08,222.18,222.83,153141
MP00002407,2026-08-31,INS0007,STK007,255.96,258.69,255.89,256.73,359942
MP00002408,2026-08-31,INS0008,STK008,188.02,188.27,185.26,186.73,21766
MP00002409,2026-08-31,INS0009,STK009,821.85,825.92,817.13,821.85,479446
MP00002410,2026-08-31,INS0010,STK010,1172.95,1174.58,1167.13,1169.61,408994
MP00002411,2026-08-31,INS0011,STK011,601.97,603.92,599.67,602.11,360517
MP00002412,2026-08-31,INS0012,STK012,822.85,822.86,821.71,821.92,223023
MP00002413,2026-08-31,INS0013,STK013,227.18,229.42,225.96,226.63,60375
MP00002414,2026-08-31,INS0014,STK014,520.87,521.96,516.89,520.87,201835
MP00002415,2026-08-31,INS0015,STK015,161.92,162.18,160.38,161.64,192833
MP00002416,2026-08-31,INS0016,STK016,281.37,282.26,280.0,281.7,70503
MP00002417,2026-08-31,INS0017,STK017,942.14,947.37,938.62,940.69,42206
MP00002418,2026-08-31,INS0018,STK018,387.43,390.22,387.27,389.42,244099
MP00002419,2026-08-31,INS0019,STK019,1103.5,1128.65,1092.55,1109.84,450686
MP00002420,2026-08-31,INS0020,STK020,700.8,706.06,697.1,700.77,294767
MP00002421,2026-08-31,INS0021,STK021,3532.76,3550.7,3506.96,3528.25,15521
MP00002422,2026-08-31,INS0022,STK022,461.97,462.5,455.23,460.2,20687
MP00002423,2026-08-31,INS0023,STK023,153.97,155.0,152.83,154.16,50225
MP00002424,2026-08-31,INS0024,STK024,406.46,408.56,404.24,404.34,363518
MP00002425,2026-08-31,INS0025,STK025,214.51,215.73,213.49,214.46,417219
MP00002426,2026-08-31,INS0026,STK026,941.19,946.29,935.12,944.38,84992
MP00002427,2026-08-31,INS0027,STK027,481.8,482.32,476.68,481.59,165244
MP00002428,2026-08-31,INS0028,STK028,380.9,382.76,380.4,381.53,161898
MP00002429,2026-08-31,INS0029,STK029,379.23,381.38,376.43,377.99,66068
MP00002430,2026-08-31,INS0030,STK030,732.6,735.2,721.96,733.18,13055
MP00002431,2026-08-31,INS0031,STK031,331.56,333.34,330.92,331.3,99851
MP00002432,2026-08-31,INS0032,STK032,776.12,776.15,772.84,774.46,306898
MP00002433,2026-08-31,INS0033,STK033,884.01,890.51,880.64,881.03,138227
MP00002434,2026-08-31,INS0034,STK034,343.83,346.38,340.47,342.93,96934
MP00002435,2026-08-31,INS0035,STK035,208.36,210.18,207.91,209.41,260736
MP00002436,2026-08-31,INS0036,STK036,299.42,300.14,295.72,298.07,471540
MP00002437,2026-08-31,INS0037,STK037,760.59,765.24,760.47,763.2,253251
MP00002438,2026-08-31,INS0038,STK038,494.73,499.56,491.99,493.37,280082
MP00002439,2026-08-31,INS0039,STK039,749.58,751.35,745.92,746.47,285013
MP00002440,2026-08-31,INS0040,STK040,1646.44,1647.07,1638.45,1640.34,386720
MP00002441,2026-08-31,INS0041,STK041,509.2,513.82,503.17,509.94,39018
MP00002442,2026-08-31,INS0042,STK042,249.86,250.58,248.52,250.53,12566
MP00002443,2026-08-31,INS0043,STK043,988.55,988.78,978.97,982.3,89449
MP00002444,2026-08-31,INS0044,STK044,503.67,504.83,501.16,504.65,143745
MP00002445,2026-08-31,INS0045,STK045,873.86,878.53,873.41,875.44,73503
MP00002446,2026-08-31,INS0046,STK046,998.72,1008.27,995.13,998.26,410803
MP00002447,2026-08-31,INS0047,STK047,215.67,215.83,214.18,215.38,133793
MP00002448,2026-08-31,INS0048,STK048,1314.73,1326.34,1305.76,1323.76,304203
MP00002449,2026-08-31,INS0049,STK049,908.91,917.12,908.54,916.87,421301
MP00002450,2026-08-31,INS0050,STK050,286.95,287.01,286.22,286.46,419050
MP00002451,2026-08-31,INS0051,STK051,562.09,568.3,561.47,563.29,39044
MP00002452,2026-08-31,INS0052,STK052,563.88,569.82,560.05,561.0,212556
MP00002453,2026-08-31,INS0053,STK053,444.01,444.53,440.98,441.9,223440
MP00002454,2026-08-31,INS0054,STK054,891.84,893.66,882.0,887.64,170617
MP00002455,2026-08-31,INS0055,STK055,1431.63,1439.76,1424.14,1425.61,68611
MP00002456,2026-08-31,INS0056,STK056,448.23,450.7,442.72,446.79,488874
MP00002457,2026-08-31,INS0057,STK057,1229.15,1241.51,1222.01,1236.63,389472
MP00002458,2026-08-31,INS0058,STK058,882.5,895.22,876.4,890.03,195165
MP00002459,2026-08-31,INS0059,STK059,537.99,538.03,529.4,536.44,356429
MP00002460,2026-08-31,INS0060,STK060,556.04,559.97,550.26,553.77,261326
MP00002461,2026-08-31,INS0061,STK061,185.35,187.19,184.99,186.03,453857
MP00002462,2026-08-31,INS0062,STK062,141.8,142.39,141.63,141.95,99610
MP00002463,2026-08-31,INS0063,STK063,523.73,526.35,521.87,525.89,463251
MP00002464,2026-08-31,INS0064,STK064,245.5,246.2,243.27,244.89,236608
MP00002465,2026-08-31,INS0065,STK065,437.95,440.12,436.2,436.77,184933
MP00002466,2026-08-31,INS0066,STK066,298.3,299.14,295.86,297.91,123610
MP00002467,2026-08-31,INS0067,STK067,112.28,113.77,112.0,112.52,482234
MP00002468,2026-08-31,INS0068,STK068,569.22,575.55,568.29,573.9,169009
MP00002469,2026-08-31,INS0069,STK069,321.42,322.6,318.65,319.6,190882
MP00002470,2026-08-31,INS0070,STK070,481.92,486.9,477.41,478.3,348325
MP00002471,2026-08-31,INS0071,STK071,231.85,235.14,228.55,233.72,424787
MP00002472,2026-08-31,INS0072,STK072,347.55,351.27,346.75,349.46,58814
MP00002473,2026-08-31,INS0073,STK073,1460.43,1466.36,1456.58,1456.78,306994
MP00002474,2026-08-31,INS0074,STK074,490.9,493.46,490.6,491.72,89837
MP00002475,2026-08-31,INS0075,STK075,722.02,725.11,715.16,720.96,94194
MP00002476,2026-08-31,INS0076,STK076,183.52,185.12,181.9,183.68,374561
MP00002477,2026-08-31,INS0077,STK077,2829.46,2836.71,2812.48,2835.01,15720
MP00002478,2026-08-31,INS0078,STK078,1805.55,1817.47,1800.01,1808.36,81762
MP00002479,2026-08-31,INS0079,STK079,1249.03,1253.23,1236.79,1241.79,478259
MP00002480,2026-08-31,INS0080,STK080,866.15,874.84,862.39,864.82,350838
MP00002481,2026-08-31,INS0081,STK081,463.91,467.14,462.5,464.47,111163
MP00002482,2026-08-31,INS0082,STK082,594.15,602.01,590.19,592.44,118712
MP00002483,2026-08-31,INS0083,STK083,1035.3,1037.7,1023.68,1034.72,299244
MP00002484,2026-08-31,INS0084,STK084,275.82,277.88,274.94,275.71,389494
MP00002485,2026-08-31,INS0085,STK085,332.11,336.21,331.45,332.83,320688
MP00002486,2026-08-31,INS0086,STK086,128.23,128.45,127.68,127.88,81587
MP00002487,2026-08-31,INS0087,STK087,244.65,245.42,244.39,244.77,370100
MP00002488,2026-08-31,INS0088,STK088,1543.11,1544.2,1528.48,1543.9,208491
MP00002489,2026-08-31,INS0089,STK089,332.22,335.02,331.65,333.5,348117
MP00002490,2026-08-31,INS0090,STK090,346.52,346.76,343.24,344.88,297983
MP00002491,2026-08-31,INS0091,STK091,562.35,568.35,561.38,565.05,141616
MP00002492,2026-08-31,INS0092,STK092,131.33,132.5,130.33,132.0,60382
MP00002493,2026-08-31,INS0093,STK093,892.06,892.7,886.05,891.76,469802
MP00002494,2026-08-31,INS0094,STK094,1154.58,1175.36,1154.05,1156.62,233753
MP00002495,2026-08-31,INS0095,STK095,605.76,609.71,598.18,603.63,234673
MP00002496,2026-08-31,INS0096,STK096,1578.2,1597.69,1569.68,1589.3,65267
MP00002497,2026-08-31,INS0097,STK097,156.1,156.39,155.72,156.12,472980
MP00002498,2026-08-31,INS0098,STK098,1893.56,1899.73,1882.69,1883.0,402435
MP00002499,2026-08-31,INS0099,STK099,269.35,270.49,267.13,270.16,32612
MP00002500,2026-08-31,INS0100,STK100,183.19,184.06,182.45,182.55,94300
MP00002501,2026-08-31,INS0101,STK101,361.48,362.19,358.96,361.66,113101
MP00002502,2026-08-31,INS0102,STK102,1929.06,1955.18,1920.51,1922.36,73872
MP00002503,2026-08-31,INS0103,STK103,458.63,462.3,453.59,455.03,445796
MP00002504,2026-08-31,INS0104,STK104,208.41,209.83,207.61,208.31,304331
MP00002505,2026-08-31,INS0105,STK105,165.88,167.2,165.1,166.5,92158
MP00002506,2026-08-31,INS0106,STK106,424.8,425.25,422.67,424.51,246896
MP00002507,2026-08-31,INS0107,STK107,96.97,97.84,96.59,97.27,270360
MP00002508,2026-08-31,INS0108,STK108,172.7,174.93,171.38,173.86,106123
MP00002509,2026-08-31,INS0109,STK109,1423.71,1428.35,1415.88,1420.36,137162
MP00002510,2026-08-31,INS0110,STK110,1277.06,1288.53,1269.98,1279.21,64890
MP00002511,2026-08-31,INS0111,STK111,398.74,403.18,397.12,402.6,419452
MP00002512,2026-08-31,INS0112,STK112,318.01,320.14,315.05,319.0,147293
MP00002513,2026-08-31,INS0113,STK113,492.81,493.41,489.18,492.62,191155
MP00002514,2026-08-31,INS0114,STK114,2864.48,2880.84,2860.34,2877.81,271272
MP00002515,2026-08-31,INS0115,STK115,625.3,627.1,622.47,624.06,453915
MP00002516,2026-08-31,INS0116,STK116,905.36,909.04,898.51,905.12,109354
MP00002517,2026-08-31,INS0117,STK117,401.65,404.96,398.65,404.05,479040
MP00002518,2026-08-31,INS0118,STK118,460.55,464.19,458.97,459.21,478551
MP00002519,2026-08-31,INS0119,STK119,723.06,731.17,719.3,722.86,320573
MP00002520,2026-08-31,INS0120,STK120,473.07,483.25,472.59,476.67,216145
MP00002521,2026-09-01,INS0001,STK001,509.02,512.82,503.97,506.73,250209
MP00002522,2026-09-01,INS0002,STK002,188.85,190.8,188.1,189.44,172135
MP00002523,2026-09-01,INS0003,STK003,962.53,964.2,954.83,960.87,445471
MP00002524,2026-09-01,INS0004,STK004,1278.35,1282.46,1271.62,1281.26,204637
MP00002525,2026-09-01,INS0005,STK005,706.86,712.95,706.26,709.35,490986
MP00002526,2026-09-01,INS0006,STK006,224.49,224.89,220.99,223.66,418542
MP00002527,2026-09-01,INS0007,STK007,254.99,256.55,254.75,256.18,442982
MP00002528,2026-09-01,INS0008,STK008,183.06,184.2,182.3,184.12,483655
MP00002529,2026-09-01,INS0009,STK009,817.4,823.08,811.3,822.87,306770
MP00002530,2026-09-01,INS0010,STK010,1169.08,1169.8,1167.92,1169.49,325735
MP00002531,2026-09-01,INS0011,STK011,602.25,609.68,601.71,602.7,374475
MP00002532,2026-09-01,INS0012,STK012,828.24,831.32,822.33,825.65,238663
MP00002533,2026-09-01,INS0013,STK013,225.3,227.12,221.94,225.88,142970
MP00002534,2026-09-01,INS0014,STK014,518.92,520.64,515.18,518.29,348447
MP00002535,2026-09-01,INS0015,STK015,163.89,164.36,160.57,162.81,149352
MP00002536,2026-09-01,INS0016,STK016,279.46,283.12,278.84,280.96,450189
MP00002537,2026-09-01,INS0017,STK017,932.67,943.07,926.58,936.98,478906
MP00002538,2026-09-01,INS0018,STK018,384.64,390.17,384.04,387.61,139613
MP00002539,2026-09-01,INS0019,STK019,1106.39,1123.58,1097.42,1115.13,411634
MP00002540,2026-09-01,INS0020,STK020,697.53,701.54,697.41,699.6,111245
MP00002541,2026-09-01,INS0021,STK021,3609.61,3622.12,3569.24,3591.26,215573
MP00002542,2026-09-01,INS0022,STK022,460.36,463.36,460.17,460.41,385253
MP00002543,2026-09-01,INS0023,STK023,153.05,154.09,152.3,152.68,51767
MP00002544,2026-09-01,INS0024,STK024,401.76,407.17,400.21,402.93,99461
MP00002545,2026-09-01,INS0025,STK025,214.68,216.5,214.04,215.58,477055
MP00002546,2026-09-01,INS0026,STK026,943.28,943.32,934.65,939.86,294629
MP00002547,2026-09-01,INS0027,STK027,483.53,484.97,481.21,481.52,254470
MP00002548,2026-09-01,INS0028,STK028,384.57,388.26,383.0,384.53,478910
MP00002549,2026-09-01,INS0029,STK029,379.53,383.37,379.04,381.42,335973
MP00002550,2026-09-01,INS0030,STK030,727.1,735.02,720.39,730.11,284372
MP00002551,2026-09-01,INS0031,STK031,329.04,331.42,326.74,330.62,134045
MP00002552,2026-09-01,INS0032,STK032,776.17,785.18,772.26,775.06,371770
MP00002553,2026-09-01,INS0033,STK033,887.52,902.49,880.0,890.54,487206
MP00002554,2026-09-01,INS0034,STK034,336.82,340.82,332.63,339.92,104047
MP00002555,2026-09-01,INS0035,STK035,209.97,212.28,207.88,210.01,337251
MP00002556,2026-09-01,INS0036,STK036,297.66,298.61,294.81,298.2,205174
MP00002557,2026-09-01,INS0037,STK037,747.79,758.43,734.88,757.75,310780
MP00002558,2026-09-01,INS0038,STK038,498.04,500.2,492.96,498.27,104096
MP00002559,2026-09-01,INS0039,STK039,755.75,760.31,746.68,752.4,181566
MP00002560,2026-09-01,INS0040,STK040,1648.78,1661.19,1640.47,1660.65,33838
MP00002561,2026-09-01,INS0041,STK041,515.46,517.5,513.85,514.78,202792
MP00002562,2026-09-01,INS0042,STK042,251.13,253.22,248.83,250.55,349373
MP00002563,2026-09-01,INS0043,STK043,988.29,988.56,979.03,987.18,255131
MP00002564,2026-09-01,INS0044,STK044,505.2,510.41,501.98,506.0,214793
MP00002565,2026-09-01,INS0045,STK045,873.59,879.66,864.03,869.11,160678
MP00002566,2026-09-01,INS0046,STK046,982.65,995.79,973.08,987.9,438535
MP00002567,2026-09-01,INS0047,STK047,215.79,216.81,214.19,216.02,185768
MP00002568,2026-09-01,INS0048,STK048,1323.31,1326.21,1308.63,1324.78,15334
MP00002569,2026-09-01,INS0049,STK049,920.64,925.14,913.22,914.41,468696
MP00002570,2026-09-01,INS0050,STK050,287.18,289.67,284.91,286.25,253533
MP00002571,2026-09-01,INS0051,STK051,569.14,573.3,562.31,571.32,111383
MP00002572,2026-09-01,INS0052,STK052,553.02,553.83,548.45,551.31,494107
MP00002573,2026-09-01,INS0053,STK053,443.63,444.94,437.07,444.16,82246
MP00002574,2026-09-01,INS0054,STK054,895.91,899.17,889.62,893.64,390322
MP00002575,2026-09-01,INS0055,STK055,1429.94,1440.68,1429.53,1436.69,123949
MP00002576,2026-09-01,INS0056,STK056,444.86,447.0,439.91,441.89,287563
MP00002577,2026-09-01,INS0057,STK057,1234.25,1243.47,1232.16,1233.74,126958
MP00002578,2026-09-01,INS0058,STK058,885.95,891.87,879.87,887.59,194086
MP00002579,2026-09-01,INS0059,STK059,540.15,541.86,529.59,537.69,299307
MP00002580,2026-09-01,INS0060,STK060,548.71,549.83,546.45,548.79,366389
MP00002581,2026-09-01,INS0061,STK061,185.71,187.54,185.17,186.59,280796
MP00002582,2026-09-01,INS0062,STK062,140.84,141.42,140.49,140.95,452317
MP00002583,2026-09-01,INS0063,STK063,525.62,525.75,521.8,524.64,103434
MP00002584,2026-09-01,INS0064,STK064,247.06,248.67,244.72,247.54,172054
MP00002585,2026-09-01,INS0065,STK065,442.31,443.28,438.59,439.73,390828
MP00002586,2026-09-01,INS0066,STK066,299.12,301.7,294.62,298.2,200125
MP00002587,2026-09-01,INS0067,STK067,110.65,111.66,110.62,111.27,26722
MP00002588,2026-09-01,INS0068,STK068,573.74,576.87,570.73,575.43,50452
MP00002589,2026-09-01,INS0069,STK069,321.89,323.66,319.03,320.63,14804
MP00002590,2026-09-01,INS0070,STK070,472.89,477.04,464.14,470.34,73452
MP00002591,2026-09-01,INS0071,STK071,233.54,237.11,232.51,234.37,59217
MP00002592,2026-09-01,INS0072,STK072,345.72,346.73,341.88,346.47,64740
MP00002593,2026-09-01,INS0073,STK073,1444.13,1451.89,1436.44,1439.64,275678
MP00002594,2026-09-01,INS0074,STK074,485.05,488.89,482.36,487.32,346234
MP00002595,2026-09-01,INS0075,STK075,707.64,709.1,705.52,708.6,207675
MP00002596,2026-09-01,INS0076,STK076,183.41,184.36,182.07,183.08,401612
MP00002597,2026-09-01,INS0077,STK077,2792.46,2812.76,2787.12,2812.3,339514
MP00002598,2026-09-01,INS0078,STK078,1842.99,1844.51,1815.78,1824.93,286022
MP00002599,2026-09-01,INS0079,STK079,1232.96,1242.4,1228.92,1238.23,32247
MP00002600,2026-09-01,INS0080,STK080,856.51,861.43,853.55,859.86,163594
MP00002601,2026-09-01,INS0081,STK081,458.16,459.75,458.11,458.59,14991
MP00002602,2026-09-01,INS0082,STK082,588.28,594.75,583.49,590.41,176169
MP00002603,2026-09-01,INS0083,STK083,1052.69,1063.23,1044.51,1045.99,454068
MP00002604,2026-09-01,INS0084,STK084,280.18,281.54,277.83,279.15,277729
MP00002605,2026-09-01,INS0085,STK085,332.97,334.2,331.27,331.86,394509
MP00002606,2026-09-01,INS0086,STK086,128.14,128.95,127.47,127.81,205953
MP00002607,2026-09-01,INS0087,STK087,245.06,247.08,244.67,246.15,498812
MP00002608,2026-09-01,INS0088,STK088,1526.03,1531.9,1514.56,1531.28,12539
MP00002609,2026-09-01,INS0089,STK089,334.24,336.66,332.75,334.48,284425
MP00002610,2026-09-01,INS0090,STK090,352.06,352.97,350.82,351.48,305434
MP00002611,2026-09-01,INS0091,STK091,576.57,577.74,566.46,568.52,107157
MP00002612,2026-09-01,INS0092,STK092,132.26,134.12,131.96,132.78,86167
MP00002613,2026-09-01,INS0093,STK093,906.76,911.86,896.05,901.4,277238
MP00002614,2026-09-01,INS0094,STK094,1162.41,1173.06,1159.88,1165.01,17472
MP00002615,2026-09-01,INS0095,STK095,601.66,603.11,598.18,602.41,57083
MP00002616,2026-09-01,INS0096,STK096,1573.46,1582.27,1563.8,1574.37,274161
MP00002617,2026-09-01,INS0097,STK097,156.41,156.69,154.65,155.95,316167
MP00002618,2026-09-01,INS0098,STK098,1865.79,1882.95,1853.39,1868.44,276380
MP00002619,2026-09-01,INS0099,STK099,269.24,269.85,267.72,269.55,377253
MP00002620,2026-09-01,INS0100,STK100,181.27,181.95,181.23,181.28,462563
MP00002621,2026-09-01,INS0101,STK101,359.38,361.8,356.56,360.54,154661
MP00002622,2026-09-01,INS0102,STK102,1890.35,1917.38,1889.38,1899.65,376533
MP00002623,2026-09-01,INS0103,STK103,453.15,454.9,451.28,452.52,120866
MP00002624,2026-09-01,INS0104,STK104,207.79,209.83,207.58,208.99,297159
MP00002625,2026-09-01,INS0105,STK105,167.51,167.65,166.51,167.38,496080
MP00002626,2026-09-01,INS0106,STK106,424.98,427.97,422.05,426.01,60262
MP00002627,2026-09-01,INS0107,STK107,96.67,97.16,96.4,96.97,71353
MP00002628,2026-09-01,INS0108,STK108,174.03,174.35,173.81,174.03,201718
MP00002629,2026-09-01,INS0109,STK109,1431.56,1443.45,1422.71,1442.62,408952
MP00002630,2026-09-01,INS0110,STK110,1272.76,1275.26,1262.07,1271.86,197858
MP00002631,2026-09-01,INS0111,STK111,407.93,414.02,407.53,407.81,409669
MP00002632,2026-09-01,INS0112,STK112,315.06,317.28,313.13,315.34,66480
MP00002633,2026-09-01,INS0113,STK113,485.04,488.3,483.57,485.93,97498
MP00002634,2026-09-01,INS0114,STK114,2870.88,2881.43,2845.22,2874.42,156362
MP00002635,2026-09-01,INS0115,STK115,625.29,629.41,621.55,623.88,247071
MP00002636,2026-09-01,INS0116,STK116,893.74,901.42,889.75,896.97,415329
MP00002637,2026-09-01,INS0117,STK117,402.76,403.96,401.39,402.99,394571
MP00002638,2026-09-01,INS0118,STK118,463.83,468.08,455.71,460.69,189009
MP00002639,2026-09-01,INS0119,STK119,720.24,725.02,714.37,717.25,319272
MP00002640,2026-09-01,INS0120,STK120,478.43,480.76,472.89,480.56,62340
MP00002641,2026-09-02,INS0001,STK001,503.85,506.25,502.89,504.22,148054
MP00002642,2026-09-02,INS0002,STK002,190.84,191.68,189.3,191.1,493590
MP00002643,2026-09-02,INS0003,STK003,944.05,950.88,941.52,950.01,349544
MP00002644,2026-09-02,INS0004,STK004,1286.17,1294.02,1274.45,1279.92,292851
MP00002645,2026-09-02,INS0005,STK005,716.01,720.28,712.35,714.95,229979
MP00002646,2026-09-02,INS0006,STK006,219.76,220.51,216.14,220.13,175375
MP00002647,2026-09-02,INS0007,STK007,257.32,259.85,256.21,256.54,184711
MP00002648,2026-09-02,INS0008,STK008,183.65,183.91,182.13,183.15,276104
MP00002649,2026-09-02,INS0009,STK009,820.84,824.0,817.2,823.67,433735
MP00002650,2026-09-02,INS0010,STK010,1162.5,1170.85,1156.37,1165.99,280132
MP00002651,2026-09-02,INS0011,STK011,606.32,609.14,603.37,605.57,166252
MP00002652,2026-09-02,INS0012,STK012,841.81,843.11,830.11,833.83,183746
MP00002653,2026-09-02,INS0013,STK013,231.2,232.4,229.62,230.47,428452
MP00002654,2026-09-02,INS0014,STK014,518.71,522.42,516.94,517.82,58731
MP00002655,2026-09-02,INS0015,STK015,164.39,165.98,162.53,163.77,241512
MP00002656,2026-09-02,INS0016,STK016,281.04,282.55,279.69,281.73,215207
MP00002657,2026-09-02,INS0017,STK017,936.06,945.32,935.96,940.1,340077
MP00002658,2026-09-02,INS0018,STK018,391.53,392.99,391.27,392.22,371757
MP00002659,2026-09-02,INS0019,STK019,1107.46,1124.64,1107.29,1109.05,364448
MP00002660,2026-09-02,INS0020,STK020,698.24,700.33,693.67,697.6,129804
MP00002661,2026-09-02,INS0021,STK021,3551.69,3587.6,3543.95,3586.22,254245
MP00002662,2026-09-02,INS0022,STK022,455.11,458.73,452.4,456.8,131246
MP00002663,2026-09-02,INS0023,STK023,153.5,154.92,152.59,152.68,217417
MP00002664,2026-09-02,INS0024,STK024,400.75,405.66,399.81,405.05,19868
MP00002665,2026-09-02,INS0025,STK025,215.11,217.43,213.83,217.02,170542
MP00002666,2026-09-02,INS0026,STK026,933.94,942.04,927.34,938.48,343246
MP00002667,2026-09-02,INS0027,STK027,485.26,491.9,484.01,485.94,432688
MP00002668,2026-09-02,INS0028,STK028,380.03,381.08,374.3,378.2,489734
MP00002669,2026-09-02,INS0029,STK029,388.03,389.02,385.22,388.58,333693
MP00002670,2026-09-02,INS0030,STK030,734.51,734.71,730.51,733.43,400889
MP00002671,2026-09-02,INS0031,STK031,327.64,330.52,326.47,329.48,301766
MP00002672,2026-09-02,INS0032,STK032,776.77,779.28,771.03,777.93,481916
MP00002673,2026-09-02,INS0033,STK033,888.71,896.67,888.05,889.45,206189
MP00002674,2026-09-02,INS0034,STK034,334.61,335.02,332.41,334.29,481487
MP00002675,2026-09-02,INS0035,STK035,211.95,213.92,209.56,210.09,119009
MP00002676,2026-09-02,INS0036,STK036,300.6,301.07,298.1,300.39,161322
MP00002677,2026-09-02,INS0037,STK037,760.74,769.97,754.72,763.61,205309
MP00002678,2026-09-02,INS0038,STK038,500.48,503.4,498.02,499.28,262138
MP00002679,2026-09-02,INS0039,STK039,757.79,759.92,753.27,758.19,407771
MP00002680,2026-09-02,INS0040,STK040,1665.34,1673.56,1658.04,1666.44,260763
MP00002681,2026-09-02,INS0041,STK041,514.01,519.66,513.66,515.7,207095
MP00002682,2026-09-02,INS0042,STK042,249.42,249.81,247.13,249.18,267789
MP00002683,2026-09-02,INS0043,STK043,991.15,994.89,976.05,984.44,218539
MP00002684,2026-09-02,INS0044,STK044,504.1,507.45,501.24,504.96,407285
MP00002685,2026-09-02,INS0045,STK045,866.77,873.85,865.1,871.09,444573
MP00002686,2026-09-02,INS0046,STK046,997.08,999.42,986.73,994.27,280057
MP00002687,2026-09-02,INS0047,STK047,215.21,217.18,212.64,214.96,77957
MP00002688,2026-09-02,INS0048,STK048,1304.03,1311.5,1297.8,1310.11,248457
MP00002689,2026-09-02,INS0049,STK049,921.05,933.75,916.89,925.0,291603
MP00002690,2026-09-02,INS0050,STK050,287.08,287.66,283.46,284.04,220467
MP00002691,2026-09-02,INS0051,STK051,568.91,573.79,566.75,573.57,148769
MP00002692,2026-09-02,INS0052,STK052,550.92,554.67,547.35,552.42,300879
MP00002693,2026-09-02,INS0053,STK053,443.74,444.55,442.18,442.94,325592
MP00002694,2026-09-02,INS0054,STK054,897.39,903.49,895.48,898.0,172299
MP00002695,2026-09-02,INS0055,STK055,1427.15,1430.16,1411.86,1422.88,272481
MP00002696,2026-09-02,INS0056,STK056,449.47,450.98,447.21,447.69,241379
MP00002697,2026-09-02,INS0057,STK057,1266.33,1272.83,1259.22,1260.02,129076
MP00002698,2026-09-02,INS0058,STK058,894.71,898.06,889.41,896.37,109909
MP00002699,2026-09-02,INS0059,STK059,535.17,538.16,530.53,534.22,388278
MP00002700,2026-09-02,INS0060,STK060,539.26,541.13,535.09,538.68,127060
MP00002701,2026-09-02,INS0061,STK061,187.12,188.93,186.81,187.3,417349
MP00002702,2026-09-02,INS0062,STK062,139.0,140.44,137.94,139.5,87115
MP00002703,2026-09-02,INS0063,STK063,523.7,524.57,520.9,522.91,288342
MP00002704,2026-09-02,INS0064,STK064,251.23,251.76,250.46,250.57,495896
MP00002705,2026-09-02,INS0065,STK065,446.01,447.65,444.95,445.48,303270
MP00002706,2026-09-02,INS0066,STK066,301.49,303.32,300.47,302.36,137208
MP00002707,2026-09-02,INS0067,STK067,111.37,111.7,110.08,111.36,244477
MP00002708,2026-09-02,INS0068,STK068,578.9,585.44,576.09,579.57,280651
MP00002709,2026-09-02,INS0069,STK069,314.12,316.3,314.1,315.56,410262
MP00002710,2026-09-02,INS0070,STK070,465.04,465.56,464.28,464.73,245479
MP00002711,2026-09-02,INS0071,STK071,233.9,235.11,232.87,233.83,208554
MP00002712,2026-09-02,INS0072,STK072,348.26,352.35,344.64,348.81,78861
MP00002713,2026-09-02,INS0073,STK073,1430.04,1454.03,1417.68,1434.74,294618
MP00002714,2026-09-02,INS0074,STK074,492.22,492.95,485.08,490.46,327440
MP00002715,2026-09-02,INS0075,STK075,702.26,703.67,699.2,702.09,462914
MP00002716,2026-09-02,INS0076,STK076,183.71,184.66,181.39,183.23,464662
MP00002717,2026-09-02,INS0077,STK077,2825.59,2835.37,2800.77,2824.7,332010
MP00002718,2026-09-02,INS0078,STK078,1832.58,1845.57,1818.05,1836.02,206169
MP00002719,2026-09-02,INS0079,STK079,1234.03,1238.49,1230.21,1233.76,25958
MP00002720,2026-09-02,INS0080,STK080,864.46,873.62,857.48,860.06,228364
MP00002721,2026-09-02,INS0081,STK081,450.42,455.81,448.25,452.97,378637
MP00002722,2026-09-02,INS0082,STK082,591.11,597.61,580.49,589.92,363724
MP00002723,2026-09-02,INS0083,STK083,1060.66,1063.9,1054.88,1055.08,46979
MP00002724,2026-09-02,INS0084,STK084,280.87,282.29,275.82,278.56,43397
MP00002725,2026-09-02,INS0085,STK085,331.2,331.44,327.48,329.88,77296
MP00002726,2026-09-02,INS0086,STK086,127.85,129.92,127.76,128.61,210006
MP00002727,2026-09-02,INS0087,STK087,250.66,252.41,249.79,250.69,194028
MP00002728,2026-09-02,INS0088,STK088,1559.72,1564.89,1555.86,1558.14,423710
MP00002729,2026-09-02,INS0089,STK089,334.58,336.9,331.44,335.18,195711
MP00002730,2026-09-02,INS0090,STK090,352.48,354.98,349.44,353.65,445557
MP00002731,2026-09-02,INS0091,STK091,573.01,580.87,569.86,576.02,475473
MP00002732,2026-09-02,INS0092,STK092,133.03,133.25,132.61,133.03,14616
MP00002733,2026-09-02,INS0093,STK093,900.56,918.68,895.01,904.73,209512
MP00002734,2026-09-02,INS0094,STK094,1161.99,1166.16,1157.88,1162.01,106492
MP00002735,2026-09-02,INS0095,STK095,616.08,617.81,610.19,613.93,460488
MP00002736,2026-09-02,INS0096,STK096,1585.21,1593.72,1573.27,1583.45,149355
MP00002737,2026-09-02,INS0097,STK097,154.87,156.87,154.46,155.62,214028
MP00002738,2026-09-02,INS0098,STK098,1856.84,1860.96,1853.88,1859.86,298671
MP00002739,2026-09-02,INS0099,STK099,266.56,268.96,263.53,265.58,78147
MP00002740,2026-09-02,INS0100,STK100,180.06,180.29,177.43,179.0,182068
MP00002741,2026-09-02,INS0101,STK101,358.39,360.9,356.92,358.45,320904
MP00002742,2026-09-02,INS0102,STK102,1909.86,1916.58,1907.6,1913.81,282679
MP00002743,2026-09-02,INS0103,STK103,453.92,457.59,453.51,453.7,461221
MP00002744,2026-09-02,INS0104,STK104,207.2,209.0,205.1,206.9,333227
MP00002745,2026-09-02,INS0105,STK105,166.48,167.57,165.71,166.14,81135
MP00002746,2026-09-02,INS0106,STK106,425.11,427.96,422.54,426.98,121568
MP00002747,2026-09-02,INS0107,STK107,97.73,98.64,97.47,98.28,155256
MP00002748,2026-09-02,INS0108,STK108,171.46,175.33,170.05,172.51,391322
MP00002749,2026-09-02,INS0109,STK109,1453.26,1468.94,1444.57,1447.93,155713
MP00002750,2026-09-02,INS0110,STK110,1272.5,1287.64,1263.23,1267.33,323051
MP00002751,2026-09-02,INS0111,STK111,407.75,408.37,406.22,406.45,217101
MP00002752,2026-09-02,INS0112,STK112,311.6,312.47,311.33,312.39,109423
MP00002753,2026-09-02,INS0113,STK113,490.64,492.38,487.83,488.38,59325
MP00002754,2026-09-02,INS0114,STK114,2854.45,2889.1,2811.76,2863.26,22008
MP00002755,2026-09-02,INS0115,STK115,626.66,633.05,620.71,622.12,150921
MP00002756,2026-09-02,INS0116,STK116,897.43,905.43,895.19,904.06,443798
MP00002757,2026-09-02,INS0117,STK117,410.15,416.61,403.69,406.35,94693
MP00002758,2026-09-02,INS0118,STK118,461.97,463.75,458.0,458.01,112601
MP00002759,2026-09-02,INS0119,STK119,719.51,719.95,717.04,718.95,35118
MP00002760,2026-09-02,INS0120,STK120,479.54,486.46,477.55,484.06,27021
MP00002761,2026-09-03,INS0001,STK001,507.15,510.19,506.21,507.98,407117
MP00002762,2026-09-03,INS0002,STK002,192.83,193.8,190.43,192.66,223058
MP00002763,2026-09-03,INS0003,STK003,955.71,963.92,950.14,956.37,264185
MP00002764,2026-09-03,INS0004,STK004,1283.5,1302.18,1282.8,1283.41,435223
MP00002765,2026-09-03,INS0005,STK005,713.65,723.83,713.15,715.68,377955
MP00002766,2026-09-03,INS0006,STK006,222.14,223.53,220.7,221.73,251411
MP00002767,2026-09-03,INS0007,STK007,256.43,260.81,254.82,257.24,40375
MP00002768,2026-09-03,INS0008,STK008,182.78,185.0,180.79,183.69,176321
MP00002769,2026-09-03,INS0009,STK009,828.22,828.36,822.19,823.9,48779
MP00002770,2026-09-03,INS0010,STK010,1164.04,1171.8,1158.94,1162.41,281342
MP00002771,2026-09-03,INS0011,STK011,593.31,600.43,591.76,599.07,130759
MP00002772,2026-09-03,INS0012,STK012,834.47,837.96,821.35,826.01,494032
MP00002773,2026-09-03,INS0013,STK013,229.99,230.89,228.64,229.76,416464
MP00002774,2026-09-03,INS0014,STK014,514.76,517.79,513.64,517.32,158427
MP00002775,2026-09-03,INS0015,STK015,162.2,162.75,162.12,162.51,292240
MP00002776,2026-09-03,INS0016,STK016,279.8,280.17,278.44,279.39,80953
MP00002777,2026-09-03,INS0017,STK017,942.97,944.34,931.27,937.36,382007
MP00002778,2026-09-03,INS0018,STK018,394.67,395.76,393.37,395.06,37844
MP00002779,2026-09-03,INS0019,STK019,1087.37,1091.25,1079.95,1090.39,62232
MP00002780,2026-09-03,INS0020,STK020,689.23,693.16,683.93,692.38,44337
MP00002781,2026-09-03,INS0021,STK021,3598.87,3629.43,3583.69,3590.86,498539
MP00002782,2026-09-03,INS0022,STK022,465.56,465.69,460.12,461.52,379750
MP00002783,2026-09-03,INS0023,STK023,154.37,156.42,153.37,155.34,48438
MP00002784,2026-09-03,INS0024,STK024,404.39,404.65,400.18,403.94,86899
MP00002785,2026-09-03,INS0025,STK025,216.55,216.71,215.79,216.4,55580
MP00002786,2026-09-03,INS0026,STK026,933.81,939.78,928.15,937.44,298343
MP00002787,2026-09-03,INS0027,STK027,488.35,491.22,486.6,486.82,266738
MP00002788,2026-09-03,INS0028,STK028,376.2,381.42,373.92,378.07,258167
MP00002789,2026-09-03,INS0029,STK029,389.24,390.13,386.53,388.94,12728
MP00002790,2026-09-03,INS0030,STK030,724.35,730.49,719.53,725.63,373321
MP00002791,2026-09-03,INS0031,STK031,324.27,327.41,322.76,325.13,351574
MP00002792,2026-09-03,INS0032,STK032,783.4,787.03,778.7,782.39,263383
MP00002793,2026-09-03,INS0033,STK033,887.91,888.95,883.06,888.08,139335
MP00002794,2026-09-03,INS0034,STK034,335.97,336.59,335.12,336.52,451518
MP00002795,2026-09-03,INS0035,STK035,210.71,211.88,209.26,210.46,105623
MP00002796,2026-09-03,INS0036,STK036,297.33,297.44,295.98,296.96,184746
MP00002797,2026-09-03,INS0037,STK037,770.83,777.15,767.33,773.16,97599
MP00002798,2026-09-03,INS0038,STK038,502.64,506.71,496.15,499.4,205928
MP00002799,2026-09-03,INS0039,STK039,757.14,760.23,750.17,753.67,359968
MP00002800,2026-09-03,INS0040,STK040,1661.01,1661.99,1652.51,1659.34,108138
MP00002801,2026-09-03,INS0041,STK041,507.72,512.67,506.77,510.72,291872
MP00002802,2026-09-03,INS0042,STK042,250.15,250.3,248.21,249.84,273772
MP00002803,2026-09-03,INS0043,STK043,979.48,987.01,978.63,983.57,328306
MP00002804,2026-09-03,INS0044,STK044,510.28,515.42,507.88,513.18,311035
MP00002805,2026-09-03,INS0045,STK045,874.6,878.37,867.21,874.72,42574
MP00002806,2026-09-03,INS0046,STK046,1014.18,1014.78,1004.27,1009.97,110434
MP00002807,2026-09-03,INS0047,STK047,213.55,216.22,213.14,213.31,416798
MP00002808,2026-09-03,INS0048,STK048,1300.21,1313.54,1294.78,1306.65,149097
MP00002809,2026-09-03,INS0049,STK049,930.68,937.92,927.14,931.61,280015
MP00002810,2026-09-03,INS0050,STK050,286.38,288.07,283.47,285.38,94605
MP00002811,2026-09-03,INS0051,STK051,574.16,575.12,569.68,573.49,96995
MP00002812,2026-09-03,INS0052,STK052,546.35,549.01,542.56,547.69,226382
MP00002813,2026-09-03,INS0053,STK053,435.23,436.03,431.72,435.29,277868
MP00002814,2026-09-03,INS0054,STK054,899.95,901.67,890.42,896.42,155879
MP00002815,2026-09-03,INS0055,STK055,1418.68,1424.47,1393.3,1420.86,242359
MP00002816,2026-09-03,INS0056,STK056,449.06,451.56,445.33,448.15,17988
MP00002817,2026-09-03,INS0057,STK057,1252.04,1254.32,1241.54,1245.53,376336
MP00002818,2026-09-03,INS0058,STK058,887.86,893.34,885.69,890.09,75942
MP00002819,2026-09-03,INS0059,STK059,533.72,536.97,527.19,535.9,235985
MP00002820,2026-09-03,INS0060,STK060,540.99,543.21,540.61,541.2,58481
MP00002821,2026-09-03,INS0061,STK061,187.29,188.69,186.51,187.6,469853
MP00002822,2026-09-03,INS0062,STK062,139.04,139.19,138.88,139.11,283468
MP00002823,2026-09-03,INS0063,STK063,518.68,520.74,517.45,517.97,414088
MP00002824,2026-09-03,INS0064,STK064,254.37,255.92,250.82,252.49,81343
MP00002825,2026-09-03,INS0065,STK065,446.47,453.46,444.45,448.07,473380
MP00002826,2026-09-03,INS0066,STK066,302.07,306.78,298.94,300.98,208850
MP00002827,2026-09-03,INS0067,STK067,112.23,112.39,111.56,112.11,64034
MP00002828,2026-09-03,INS0068,STK068,581.43,585.55,576.65,579.25,44432
MP00002829,2026-09-03,INS0069,STK069,314.15,316.14,313.8,313.84,59366
MP00002830,2026-09-03,INS0070,STK070,468.16,472.33,466.79,468.19,243082
MP00002831,2026-09-03,INS0071,STK071,233.95,234.57,231.6,234.02,46419
MP00002832,2026-09-03,INS0072,STK072,348.55,348.95,346.44,347.61,489130
MP00002833,2026-09-03,INS0073,STK073,1426.08,1433.17,1416.32,1420.09,325560
MP00002834,2026-09-03,INS0074,STK074,487.51,489.92,480.98,485.82,202509
MP00002835,2026-09-03,INS0075,STK075,708.2,712.41,702.14,706.86,328103
MP00002836,2026-09-03,INS0076,STK076,183.24,184.78,182.53,183.89,327113
MP00002837,2026-09-03,INS0077,STK077,2796.82,2820.57,2769.91,2798.39,23635
MP00002838,2026-09-03,INS0078,STK078,1820.19,1832.67,1814.89,1818.65,68022
MP00002839,2026-09-03,INS0079,STK079,1253.69,1266.06,1245.29,1254.69,137280
MP00002840,2026-09-03,INS0080,STK080,860.86,865.42,858.84,863.26,454861
MP00002841,2026-09-03,INS0081,STK081,458.95,464.0,456.27,457.37,145593
MP00002842,2026-09-03,INS0082,STK082,603.1,604.0,594.39,597.0,171825
MP00002843,2026-09-03,INS0083,STK083,1050.52,1054.73,1032.73,1047.27,423218
MP00002844,2026-09-03,INS0084,STK084,282.22,285.14,280.8,282.47,389915
MP00002845,2026-09-03,INS0085,STK085,327.69,330.67,326.34,327.04,29201
MP00002846,2026-09-03,INS0086,STK086,129.01,129.74,128.13,129.37,462044
MP00002847,2026-09-03,INS0087,STK087,250.01,250.68,248.65,250.46,249321
MP00002848,2026-09-03,INS0088,STK088,1566.87,1572.99,1561.05,1567.18,418545
MP00002849,2026-09-03,INS0089,STK089,336.35,337.35,333.22,334.62,200839
MP00002850,2026-09-03,INS0090,STK090,356.19,357.94,354.75,355.21,120192
MP00002851,2026-09-03,INS0091,STK091,579.79,586.75,578.13,582.33,305052
MP00002852,2026-09-03,INS0092,STK092,133.71,134.73,133.03,134.23,259333
MP00002853,2026-09-03,INS0093,STK093,907.34,912.68,899.12,904.28,201599
MP00002854,2026-09-03,INS0094,STK094,1147.75,1156.44,1144.55,1153.18,419587
MP00002855,2026-09-03,INS0095,STK095,612.76,613.98,612.37,612.47,432793
MP00002856,2026-09-03,INS0096,STK096,1594.65,1608.04,1583.16,1589.08,367703
MP00002857,2026-09-03,INS0097,STK097,155.99,157.04,155.45,156.43,126322
MP00002858,2026-09-03,INS0098,STK098,1875.85,1887.79,1860.21,1875.85,86004
MP00002859,2026-09-03,INS0099,STK099,266.21,267.01,263.39,264.03,173048
MP00002860,2026-09-03,INS0100,STK100,178.53,179.79,177.17,177.67,326057
MP00002861,2026-09-03,INS0101,STK101,355.56,360.08,352.79,355.54,465592
MP00002862,2026-09-03,INS0102,STK102,1919.21,1930.48,1898.17,1910.8,200991
MP00002863,2026-09-03,INS0103,STK103,455.38,458.54,448.57,454.48,384580
MP00002864,2026-09-03,INS0104,STK104,208.61,208.97,206.74,207.51,457501
MP00002865,2026-09-03,INS0105,STK105,163.39,164.52,162.97,164.27,330160
MP00002866,2026-09-03,INS0106,STK106,424.03,427.29,418.62,423.73,49550
MP00002867,2026-09-03,INS0107,STK107,97.49,98.63,96.37,97.73,486321
MP00002868,2026-09-03,INS0108,STK108,175.41,177.54,174.74,174.95,76451
MP00002869,2026-09-03,INS0109,STK109,1446.91,1464.22,1437.39,1443.52,110091
MP00002870,2026-09-03,INS0110,STK110,1258.02,1261.22,1247.46,1252.45,177275
MP00002871,2026-09-03,INS0111,STK111,411.02,413.05,406.02,407.69,109421
MP00002872,2026-09-03,INS0112,STK112,311.12,312.59,310.46,312.12,232003
MP00002873,2026-09-03,INS0113,STK113,487.04,493.16,480.67,483.81,431697
MP00002874,2026-09-03,INS0114,STK114,2848.44,2852.71,2843.02,2852.43,336994
MP00002875,2026-09-03,INS0115,STK115,621.25,622.47,619.37,620.43,162130
MP00002876,2026-09-03,INS0116,STK116,904.15,911.78,897.74,903.17,294758
MP00002877,2026-09-03,INS0117,STK117,409.79,414.14,408.26,409.38,402467
MP00002878,2026-09-03,INS0118,STK118,460.55,461.3,459.76,460.07,487312
MP00002879,2026-09-03,INS0119,STK119,720.93,723.82,718.84,719.67,14258
MP00002880,2026-09-03,INS0120,STK120,488.95,490.21,483.42,487.89,289405
MP00002881,2026-09-04,INS0001,STK001,512.58,521.13,506.96,513.88,217271
MP00002882,2026-09-04,INS0002,STK002,191.64,193.16,190.3,192.98,236610
MP00002883,2026-09-04,INS0003,STK003,961.37,968.71,948.61,955.82,165915
MP00002884,2026-09-04,INS0004,STK004,1270.48,1276.69,1267.03,1268.79,250021
MP00002885,2026-09-04,INS0005,STK005,715.03,718.0,707.64,709.35,297224
MP00002886,2026-09-04,INS0006,STK006,222.93,224.41,219.64,222.35,399605
MP00002887,2026-09-04,INS0007,STK007,257.16,257.23,254.41,255.77,497372
MP00002888,2026-09-04,INS0008,STK008,183.97,186.29,182.82,185.16,110750
MP00002889,2026-09-04,INS0009,STK009,822.25,832.58,817.73,825.79,147816
MP00002890,2026-09-04,INS0010,STK010,1148.99,1154.42,1140.88,1149.23,60123
MP00002891,2026-09-04,INS0011,STK011,599.98,604.49,599.36,602.73,62238
MP00002892,2026-09-04,INS0012,STK012,825.45,831.23,822.56,824.94,309863
MP00002893,2026-09-04,INS0013,STK013,230.52,231.78,229.26,229.68,331067
MP00002894,2026-09-04,INS0014,STK014,520.58,525.35,519.13,521.67,272789
MP00002895,2026-09-04,INS0015,STK015,161.1,161.34,159.78,160.71,497245
MP00002896,2026-09-04,INS0016,STK016,275.13,276.94,275.02,276.88,464657
MP00002897,2026-09-04,INS0017,STK017,948.53,951.09,929.53,939.81,358678
MP00002898,2026-09-04,INS0018,STK018,391.62,391.67,387.68,389.72,162513
MP00002899,2026-09-04,INS0019,STK019,1089.7,1094.01,1083.32,1085.11,344135
MP00002900,2026-09-04,INS0020,STK020,696.61,699.8,694.09,697.82,260953
MP00002901,2026-09-04,INS0021,STK021,3589.55,3615.8,3567.09,3587.74,313166
MP00002902,2026-09-04,INS0022,STK022,457.77,463.3,454.47,456.48,216782
MP00002903,2026-09-04,INS0023,STK023,155.35,155.8,155.1,155.57,330780
MP00002904,2026-09-04,INS0024,STK024,399.89,404.77,398.53,402.64,287883
MP00002905,2026-09-04,INS0025,STK025,213.61,215.41,211.97,215.19,229864
MP00002906,2026-09-04,INS0026,STK026,964.65,965.24,962.7,964.5,422136
MP00002907,2026-09-04,INS0027,STK027,488.09,492.1,483.45,489.07,116172
MP00002908,2026-09-04,INS0028,STK028,376.48,379.39,376.38,377.21,285840
MP00002909,2026-09-04,INS0029,STK029,390.46,392.41,389.15,391.75,103539
MP00002910,2026-09-04,INS0030,STK030,724.31,726.01,722.87,723.94,27191
MP00002911,2026-09-04,INS0031,STK031,320.1,325.66,318.8,323.79,432552
MP00002912,2026-09-04,INS0032,STK032,789.13,792.23,781.3,784.27,483174
MP00002913,2026-09-04,INS0033,STK033,893.76,898.16,889.97,891.71,269463
MP00002914,2026-09-04,INS0034,STK034,341.42,342.49,336.18,339.03,454796
MP00002915,2026-09-04,INS0035,STK035,213.68,214.57,212.41,212.88,177829
MP00002916,2026-09-04,INS0036,STK036,297.99,300.68,297.94,299.8,385946
MP00002917,2026-09-04,INS0037,STK037,781.32,785.9,773.39,778.47,354307
MP00002918,2026-09-04,INS0038,STK038,508.34,510.74,498.52,503.25,330996
MP00002919,2026-09-04,INS0039,STK039,760.02,765.75,759.82,760.85,463377
MP00002920,2026-09-04,INS0040,STK040,1667.77,1671.64,1663.04,1668.79,162488
MP00002921,2026-09-04,INS0041,STK041,507.49,508.63,502.74,504.29,72976
MP00002922,2026-09-04,INS0042,STK042,249.66,252.01,248.05,250.84,336710
MP00002923,2026-09-04,INS0043,STK043,993.99,997.45,981.01,994.46,276502
MP00002924,2026-09-04,INS0044,STK044,510.7,521.18,508.16,509.89,139024
MP00002925,2026-09-04,INS0045,STK045,870.3,879.26,858.63,871.98,443789
MP00002926,2026-09-04,INS0046,STK046,1009.13,1017.62,1006.25,1009.48,236805
MP00002927,2026-09-04,INS0047,STK047,213.65,214.04,213.61,213.63,240395
MP00002928,2026-09-04,INS0048,STK048,1302.71,1304.76,1288.03,1300.86,226919
MP00002929,2026-09-04,INS0049,STK049,939.84,947.39,921.82,932.04,224677
MP00002930,2026-09-04,INS0050,STK050,286.95,287.26,286.31,286.55,468307
MP00002931,2026-09-04,INS0051,STK051,566.0,567.74,564.05,564.34,93349
MP00002932,2026-09-04,INS0052,STK052,550.01,553.06,542.26,548.02,498340
MP00002933,2026-09-04,INS0053,STK053,437.0,441.0,430.82,433.96,401329
MP00002934,2026-09-04,INS0054,STK054,875.66,890.57,868.26,884.26,117412
MP00002935,2026-09-04,INS0055,STK055,1424.99,1431.63,1423.83,1427.29,377411
MP00002936,2026-09-04,INS0056,STK056,449.18,451.65,448.77,449.27,177831
MP00002937,2026-09-04,INS0057,STK057,1245.53,1247.3,1242.43,1247.18,429052
MP00002938,2026-09-04,INS0058,STK058,896.25,901.79,888.12,894.44,228510
MP00002939,2026-09-04,INS0059,STK059,541.03,543.64,535.31,537.28,125718
MP00002940,2026-09-04,INS0060,STK060,534.25,543.5,529.63,538.02,249464
MP00002941,2026-09-04,INS0061,STK061,188.2,189.36,187.46,188.69,213514
MP00002942,2026-09-04,INS0062,STK062,140.65,141.09,139.77,140.11,90748
MP00002943,2026-09-04,INS0063,STK063,511.52,516.22,511.45,513.49,418964
MP00002944,2026-09-04,INS0064,STK064,255.03,255.16,253.74,254.27,494143
MP00002945,2026-09-04,INS0065,STK065,449.91,453.29,444.85,447.06,226852
MP00002946,2026-09-04,INS0066,STK066,301.77,304.57,298.85,302.46,82445
MP00002947,2026-09-04,INS0067,STK067,112.14,112.67,110.85,112.24,176656
MP00002948,2026-09-04,INS0068,STK068,576.06,579.75,571.83,578.45,82740
MP00002949,2026-09-04,INS0069,STK069,316.06,317.09,312.94,315.2,448580
MP00002950,2026-09-04,INS0070,STK070,465.61,469.86,463.78,466.94,439710
MP00002951,2026-09-04,INS0071,STK071,239.26,239.7,235.96,236.05,344024
MP00002952,2026-09-04,INS0072,STK072,350.87,352.69,349.99,351.09,384526
MP00002953,2026-09-04,INS0073,STK073,1410.92,1414.02,1389.45,1413.89,131751
MP00002954,2026-09-04,INS0074,STK074,486.0,489.62,482.7,485.17,268409
MP00002955,2026-09-04,INS0075,STK075,695.91,706.86,694.61,704.75,481434
MP00002956,2026-09-04,INS0076,STK076,183.3,185.91,182.07,184.45,25096
MP00002957,2026-09-04,INS0077,STK077,2831.44,2858.12,2825.76,2827.87,329006
MP00002958,2026-09-04,INS0078,STK078,1799.77,1805.67,1775.28,1794.55,393195
MP00002959,2026-09-04,INS0079,STK079,1246.46,1247.73,1235.88,1240.54,184561
MP00002960,2026-09-04,INS0080,STK080,864.98,865.19,857.88,862.68,341864
MP00002961,2026-09-04,INS0081,STK081,457.04,459.36,455.11,458.05,198622
MP00002962,2026-09-04,INS0082,STK082,591.97,593.35,589.87,592.52,388884
MP00002963,2026-09-04,INS0083,STK083,1049.68,1051.91,1045.29,1048.79,489150
MP00002964,2026-09-04,INS0084,STK084,281.53,283.39,278.34,280.8,203808
MP00002965,2026-09-04,INS0085,STK085,325.99,327.44,322.89,325.88,395367
MP00002966,2026-09-04,INS0086,STK086,131.27,131.37,130.17,130.69,203895
MP00002967,2026-09-04,INS0087,STK087,248.2,250.78,246.7,249.78,241181
MP00002968,2026-09-04,INS0088,STK088,1571.77,1572.97,1555.53,1562.67,360998
MP00002969,2026-09-04,INS0089,STK089,336.96,337.84,332.18,334.97,476641
MP00002970,2026-09-04,INS0090,STK090,360.38,362.77,356.63,358.32,293766
MP00002971,2026-09-04,INS0091,STK091,579.42,588.68,577.97,582.13,112178
MP00002972,2026-09-04,INS0092,STK092,132.75,133.9,131.72,133.63,468470
MP00002973,2026-09-04,INS0093,STK093,902.7,910.88,893.65,908.48,318534
MP00002974,2026-09-04,INS0094,STK094,1161.12,1169.62,1146.75,1160.7,458976
MP00002975,2026-09-04,INS0095,STK095,616.22,621.51,613.87,618.1,194939
MP00002976,2026-09-04,INS0096,STK096,1585.54,1599.23,1577.39,1588.63,289403
MP00002977,2026-09-04,INS0097,STK097,155.51,158.64,155.0,157.03,36004
MP00002978,2026-09-04,INS0098,STK098,1891.29,1916.01,1883.33,1887.75,377843
MP00002979,2026-09-04,INS0099,STK099,264.36,265.29,261.05,264.41,58258
MP00002980,2026-09-04,INS0100,STK100,179.59,180.13,179.47,179.56,389032
MP00002981,2026-09-04,INS0101,STK101,357.34,360.45,356.14,357.39,170344
MP00002982,2026-09-04,INS0102,STK102,1939.99,1945.33,1908.98,1939.8,60670
MP00002983,2026-09-04,INS0103,STK103,456.56,462.47,455.56,457.82,281507
MP00002984,2026-09-04,INS0104,STK104,202.92,204.49,202.18,204.34,27668
MP00002985,2026-09-04,INS0105,STK105,165.48,166.67,163.12,163.75,107164
MP00002986,2026-09-04,INS0106,STK106,417.62,422.3,416.1,418.28,111277
MP00002987,2026-09-04,INS0107,STK107,97.36,97.63,96.93,97.23,120986
MP00002988,2026-09-04,INS0108,STK108,175.26,175.91,173.7,174.43,208237
MP00002989,2026-09-04,INS0109,STK109,1447.39,1458.38,1444.5,1453.59,69593
MP00002990,2026-09-04,INS0110,STK110,1256.89,1257.92,1242.17,1248.05,316732
MP00002991,2026-09-04,INS0111,STK111,412.13,414.6,409.88,412.26,471812
MP00002992,2026-09-04,INS0112,STK112,310.06,312.29,308.29,310.46,312422
MP00002993,2026-09-04,INS0113,STK113,481.91,483.31,480.05,482.69,167579
MP00002994,2026-09-04,INS0114,STK114,2826.76,2832.19,2817.8,2824.28,226848
MP00002995,2026-09-04,INS0115,STK115,626.99,628.13,624.22,627.64,489054
MP00002996,2026-09-04,INS0116,STK116,913.86,917.03,908.76,914.65,301955
MP00002997,2026-09-04,INS0117,STK117,408.86,409.76,408.15,408.95,102732
MP00002998,2026-09-04,INS0118,STK118,453.26,457.11,447.54,454.65,245358
MP00002999,2026-09-04,INS0119,STK119,727.36,736.86,712.57,718.47,158192
MP00003000,2026-09-04,INS0120,STK120,488.03,489.03,487.61,488.8,337907
MP00003001,2026-09-07,INS0001,STK001,520.66,522.15,518.37,520.42,174196
MP00003002,2026-09-07,INS0002,STK002,195.83,196.59,195.55,195.58,344294
MP00003003,2026-09-07,INS0003,STK003,968.43,970.72,965.79,967.41,456661
MP00003004,2026-09-07,INS0004,STK004,1282.25,1282.92,1269.5,1276.56,408544
MP00003005,2026-09-07,INS0005,STK005,713.56,716.45,706.62,707.78,26119
MP00003006,2026-09-07,INS0006,STK006,223.93,224.68,222.46,222.77,427644
MP00003007,2026-09-07,INS0007,STK007,255.57,255.83,254.73,254.92,27197
MP00003008,2026-09-07,INS0008,STK008,186.03,186.14,183.63,185.49,288795
MP00003009,2026-09-07,INS0009,STK009,826.32,836.55,817.25,821.88,342857
MP00003010,2026-09-07,INS0010,STK010,1146.74,1149.13,1139.07,1147.67,106765
MP00003011,2026-09-07,INS0011,STK011,614.51,617.5,611.94,613.15,178307
MP00003012,2026-09-07,INS0012,STK012,830.43,831.68,824.23,827.0,165055
MP00003013,2026-09-07,INS0013,STK013,229.33,230.24,227.63,228.89,279935
MP00003014,2026-09-07,INS0014,STK014,518.45,521.24,515.02,517.09,166226
MP00003015,2026-09-07,INS0015,STK015,160.1,160.81,158.82,160.58,397002
MP00003016,2026-09-07,INS0016,STK016,279.25,280.72,275.32,278.54,21908
MP00003017,2026-09-07,INS0017,STK017,935.22,952.11,931.87,940.84,223713
MP00003018,2026-09-07,INS0018,STK018,391.04,391.96,389.5,389.56,425403
MP00003019,2026-09-07,INS0019,STK019,1092.59,1101.71,1079.74,1088.81,149722
MP00003020,2026-09-07,INS0020,STK020,698.06,701.38,692.98,700.03,186800
MP00003021,2026-09-07,INS0021,STK021,3582.72,3608.27,3557.53,3608.04,327818
MP00003022,2026-09-07,INS0022,STK022,455.45,462.96,451.05,459.16,310885
MP00003023,2026-09-07,INS0023,STK023,154.38,156.51,154.13,155.46,96856
MP00003024,2026-09-07,INS0024,STK024,401.76,402.76,400.8,402.19,295095
MP00003025,2026-09-07,INS0025,STK025,215.03,216.01,212.2,215.19,24665
MP00003026,2026-09-07,INS0026,STK026,964.64,976.98,962.16,968.83,370186
MP00003027,2026-09-07,INS0027,STK027,492.69,494.55,491.52,493.47,453978
MP00003028,2026-09-07,INS0028,STK028,376.49,377.76,376.07,376.19,449471
MP00003029,2026-09-07,INS0029,STK029,389.71,393.05,388.83,391.23,444364
MP00003030,2026-09-07,INS0030,STK030,716.43,729.05,709.6,719.25,404296
MP00003031,2026-09-07,INS0031,STK031,319.67,321.41,318.82,319.94,182827
MP00003032,2026-09-07,INS0032,STK032,772.65,793.04,765.94,776.54,155771
MP00003033,2026-09-07,INS0033,STK033,883.43,886.57,883.29,884.57,260666
MP00003034,2026-09-07,INS0034,STK034,337.19,340.39,336.73,337.23,87652
MP00003035,2026-09-07,INS0035,STK035,213.38,214.23,212.26,213.66,199889
MP00003036,2026-09-07,INS0036,STK036,298.62,301.24,297.0,297.24,86596
MP00003037,2026-09-07,INS0037,STK037,781.49,781.55,771.63,778.58,349838
MP00003038,2026-09-07,INS0038,STK038,510.96,512.86,498.3,506.63,417194
MP00003039,2026-09-07,INS0039,STK039,754.76,762.23,754.65,755.81,20248
MP00003040,2026-09-07,INS0040,STK040,1663.32,1673.03,1656.85,1662.23,168070
MP00003041,2026-09-07,INS0041,STK041,495.11,499.0,490.7,498.99,37400
MP00003042,2026-09-07,INS0042,STK042,251.83,253.7,247.18,248.93,202958
MP00003043,2026-09-07,INS0043,STK043,1006.57,1009.64,1003.86,1005.42,11755
MP00003044,2026-09-07,INS0044,STK044,513.91,518.69,509.09,511.96,435832
MP00003045,2026-09-07,INS0045,STK045,886.39,888.76,883.5,887.11,200927
MP00003046,2026-09-07,INS0046,STK046,999.94,1007.67,995.68,1003.55,154086
MP00003047,2026-09-07,INS0047,STK047,215.11,218.25,214.41,216.23,477582
MP00003048,2026-09-07,INS0048,STK048,1294.68,1296.18,1292.81,1293.3,177115
MP00003049,2026-09-07,INS0049,STK049,926.6,932.35,919.6,928.31,75881
MP00003050,2026-09-07,INS0050,STK050,294.11,295.56,289.41,292.86,150435
MP00003051,2026-09-07,INS0051,STK051,560.72,561.23,553.64,560.59,420050
MP00003052,2026-09-07,INS0052,STK052,554.56,558.34,552.67,555.02,243380
MP00003053,2026-09-07,INS0053,STK053,431.96,434.08,429.42,433.85,483914
MP00003054,2026-09-07,INS0054,STK054,880.76,883.43,875.77,876.67,485547
MP00003055,2026-09-07,INS0055,STK055,1406.19,1421.6,1404.87,1411.05,108029
MP00003056,2026-09-07,INS0056,STK056,450.1,452.4,446.8,449.64,202830
MP00003057,2026-09-07,INS0057,STK057,1239.51,1242.52,1230.07,1236.02,179814
MP00003058,2026-09-07,INS0058,STK058,885.97,896.65,882.23,892.33,299295
MP00003059,2026-09-07,INS0059,STK059,531.93,536.75,525.59,529.15,271003
MP00003060,2026-09-07,INS0060,STK060,540.97,543.13,534.79,539.55,440297
MP00003061,2026-09-07,INS0061,STK061,186.32,187.79,185.95,186.38,275111
MP00003062,2026-09-07,INS0062,STK062,140.51,140.9,138.84,140.05,78774
MP00003063,2026-09-07,INS0063,STK063,505.88,508.16,503.86,507.83,118818
MP00003064,2026-09-07,INS0064,STK064,255.2,257.54,254.57,256.78,50725
MP00003065,2026-09-07,INS0065,STK065,441.2,444.64,437.8,439.58,298729
MP00003066,2026-09-07,INS0066,STK066,302.43,304.18,297.34,301.77,409953
MP00003067,2026-09-07,INS0067,STK067,113.41,113.87,111.91,112.75,422924
MP00003068,2026-09-07,INS0068,STK068,577.73,586.68,574.04,580.12,394911
MP00003069,2026-09-07,INS0069,STK069,311.78,314.85,311.25,312.07,361208
MP00003070,2026-09-07,INS0070,STK070,461.05,464.62,457.98,460.49,261035
MP00003071,2026-09-07,INS0071,STK071,236.47,239.82,235.22,237.53,156631
MP00003072,2026-09-07,INS0072,STK072,348.06,353.62,347.68,350.74,270706
MP00003073,2026-09-07,INS0073,STK073,1396.37,1418.66,1385.33,1401.82,12405
MP00003074,2026-09-07,INS0074,STK074,488.0,488.49,484.49,488.35,160013
MP00003075,2026-09-07,INS0075,STK075,701.24,705.03,692.73,701.58,59572
MP00003076,2026-09-07,INS0076,STK076,183.87,184.07,182.93,183.48,150559
MP00003077,2026-09-07,INS0077,STK077,2805.66,2810.97,2800.02,2808.33,130525
MP00003078,2026-09-07,INS0078,STK078,1794.17,1813.4,1775.54,1783.68,73818
MP00003079,2026-09-07,INS0079,STK079,1233.54,1233.55,1221.42,1232.67,36222
MP00003080,2026-09-07,INS0080,STK080,864.76,869.03,859.09,864.95,19431
MP00003081,2026-09-07,INS0081,STK081,464.84,467.1,460.03,463.77,113556
MP00003082,2026-09-07,INS0082,STK082,590.29,591.07,584.23,585.94,146268
MP00003083,2026-09-07,INS0083,STK083,1040.37,1048.43,1028.78,1045.93,303737
MP00003084,2026-09-07,INS0084,STK084,280.47,281.56,277.39,280.43,78923
MP00003085,2026-09-07,INS0085,STK085,327.72,328.38,326.22,327.09,314859
MP00003086,2026-09-07,INS0086,STK086,131.24,132.4,129.97,131.72,298248
MP00003087,2026-09-07,INS0087,STK087,249.13,249.77,249.11,249.46,482124
MP00003088,2026-09-07,INS0088,STK088,1549.93,1559.91,1543.89,1554.72,89584
MP00003089,2026-09-07,INS0089,STK089,336.28,337.64,333.31,336.52,222911
MP00003090,2026-09-07,INS0090,STK090,352.8,355.28,350.57,353.65,22778
MP00003091,2026-09-07,INS0091,STK091,570.51,578.75,570.36,572.23,168938
MP00003092,2026-09-07,INS0092,STK092,136.05,137.07,135.01,136.43,429154
MP00003093,2026-09-07,INS0093,STK093,900.06,904.52,898.26,902.63,381198
MP00003094,2026-09-07,INS0094,STK094,1156.73,1161.31,1155.26,1156.86,96356
MP00003095,2026-09-07,INS0095,STK095,619.79,622.66,617.96,620.8,14418
MP00003096,2026-09-07,INS0096,STK096,1595.14,1603.68,1584.51,1593.04,490934
MP00003097,2026-09-07,INS0097,STK097,156.88,159.42,154.79,158.14,156628
MP00003098,2026-09-07,INS0098,STK098,1900.8,1915.51,1885.32,1901.97,19839
MP00003099,2026-09-07,INS0099,STK099,260.8,262.52,259.41,261.38,163879
MP00003100,2026-09-07,INS0100,STK100,181.27,182.43,180.63,181.39,74817
MP00003101,2026-09-07,INS0101,STK101,361.15,361.5,358.1,358.86,221983
MP00003102,2026-09-07,INS0102,STK102,1949.85,1969.82,1935.89,1945.67,322285
MP00003103,2026-09-07,INS0103,STK103,459.75,460.84,457.76,459.37,495073
MP00003104,2026-09-07,INS0104,STK104,201.8,203.22,200.1,200.72,393288
MP00003105,2026-09-07,INS0105,STK105,163.48,164.89,162.9,163.48,337590
MP00003106,2026-09-07,INS0106,STK106,417.94,419.78,415.01,415.06,159980
MP00003107,2026-09-07,INS0107,STK107,96.86,98.2,95.64,96.37,301725
MP00003108,2026-09-07,INS0108,STK108,173.06,174.45,172.0,173.75,406664
MP00003109,2026-09-07,INS0109,STK109,1458.84,1466.91,1448.25,1463.22,337290
MP00003110,2026-09-07,INS0110,STK110,1250.35,1264.78,1243.13,1250.92,244855
MP00003111,2026-09-07,INS0111,STK111,414.56,415.93,412.67,413.71,96873
MP00003112,2026-09-07,INS0112,STK112,311.11,315.83,307.8,309.35,469012
MP00003113,2026-09-07,INS0113,STK113,483.22,486.08,476.76,484.15,287136
MP00003114,2026-09-07,INS0114,STK114,2821.13,2844.03,2806.95,2819.79,449995
MP00003115,2026-09-07,INS0115,STK115,631.74,636.6,627.75,632.42,371450
MP00003116,2026-09-07,INS0116,STK116,924.03,934.0,919.44,919.75,416138
MP00003117,2026-09-07,INS0117,STK117,406.82,414.77,404.97,409.47,179623
MP00003118,2026-09-07,INS0118,STK118,451.42,455.93,451.41,451.75,266764
MP00003119,2026-09-07,INS0119,STK119,711.47,720.17,708.09,720.05,198564
MP00003120,2026-09-07,INS0120,STK120,491.7,491.86,487.28,489.75,20301
MP00003121,2026-09-08,INS0001,STK001,519.09,520.94,517.85,518.75,230115
MP00003122,2026-09-08,INS0002,STK002,194.64,195.51,194.04,194.46,83400
MP00003123,2026-09-08,INS0003,STK003,977.17,979.24,966.22,973.41,310020
MP00003124,2026-09-08,INS0004,STK004,1265.89,1274.11,1258.59,1262.96,100236
MP00003125,2026-09-08,INS0005,STK005,714.38,716.56,702.77,708.36,161098
MP00003126,2026-09-08,INS0006,STK006,222.35,223.98,221.82,223.21,299295
MP00003127,2026-09-08,INS0007,STK007,253.53,254.26,253.26,253.7,40702
MP00003128,2026-09-08,INS0008,STK008,187.81,188.71,187.16,187.86,127611
MP00003129,2026-09-08,INS0009,STK009,830.94,842.56,819.98,827.8,476683
MP00003130,2026-09-08,INS0010,STK010,1146.72,1154.42,1141.22,1143.51,191065
MP00003131,2026-09-08,INS0011,STK011,615.05,617.94,609.72,612.63,196629
MP00003132,2026-09-08,INS0012,STK012,834.83,836.38,828.07,832.93,41586
MP00003133,2026-09-08,INS0013,STK013,228.44,230.11,228.25,229.03,236316
MP00003134,2026-09-08,INS0014,STK014,521.63,524.47,521.09,522.92,335636
MP00003135,2026-09-08,INS0015,STK015,161.73,162.2,160.44,161.31,121541
MP00003136,2026-09-08,INS0016,STK016,278.32,279.76,277.39,279.1,216120
MP00003137,2026-09-08,INS0017,STK017,944.69,951.85,941.89,942.68,28658
MP00003138,2026-09-08,INS0018,STK018,395.21,400.55,394.6,399.49,292764
MP00003139,2026-09-08,INS0019,STK019,1076.46,1082.22,1075.57,1079.98,218289
MP00003140,2026-09-08,INS0020,STK020,698.61,700.61,686.61,693.92,86960
MP00003141,2026-09-08,INS0021,STK021,3594.07,3615.53,3586.91,3601.08,495738
MP00003142,2026-09-08,INS0022,STK022,467.0,470.61,462.02,464.35,315957
MP00003143,2026-09-08,INS0023,STK023,151.66,152.8,150.47,152.43,71320
MP00003144,2026-09-08,INS0024,STK024,395.03,398.38,392.06,396.11,267512
MP00003145,2026-09-08,INS0025,STK025,215.1,217.4,213.24,214.5,169925
MP00003146,2026-09-08,INS0026,STK026,988.36,989.79,982.26,985.4,214404
MP00003147,2026-09-08,INS0027,STK027,494.29,498.43,491.15,493.57,218758
MP00003148,2026-09-08,INS0028,STK028,373.44,376.0,372.37,372.71,295177
MP00003149,2026-09-08,INS0029,STK029,393.98,394.43,392.66,393.81,398775
MP00003150,2026-09-08,INS0030,STK030,724.57,729.07,719.68,728.87,124647
MP00003151,2026-09-08,INS0031,STK031,318.49,320.16,317.57,318.31,175011
MP00003152,2026-09-08,INS0032,STK032,778.46,781.73,771.9,779.37,391577
MP00003153,2026-09-08,INS0033,STK033,883.5,886.68,882.71,885.68,216639
MP00003154,2026-09-08,INS0034,STK034,337.22,339.4,335.57,338.77,10645
MP00003155,2026-09-08,INS0035,STK035,214.08,214.77,210.6,212.88,286052
MP00003156,2026-09-08,INS0036,STK036,298.73,299.51,295.4,298.74,167247
MP00003157,2026-09-08,INS0037,STK037,787.53,796.43,782.71,783.82,275945
MP00003158,2026-09-08,INS0038,STK038,508.13,511.36,504.46,509.54,18187
MP00003159,2026-09-08,INS0039,STK039,748.84,749.2,738.25,746.07,38093
MP00003160,2026-09-08,INS0040,STK040,1639.54,1662.97,1634.91,1643.28,163136
MP00003161,2026-09-08,INS0041,STK041,494.99,497.62,490.1,496.24,462923
MP00003162,2026-09-08,INS0042,STK042,248.37,250.48,247.05,249.47,386203
MP00003163,2026-09-08,INS0043,STK043,1008.66,1020.28,1007.9,1009.93,107772
MP00003164,2026-09-08,INS0044,STK044,507.06,510.85,505.06,507.66,199448
MP00003165,2026-09-08,INS0045,STK045,894.16,899.19,882.81,889.41,424809
MP00003166,2026-09-08,INS0046,STK046,1013.84,1016.01,996.14,1011.17,35314
MP00003167,2026-09-08,INS0047,STK047,217.15,218.2,216.08,217.39,35099
MP00003168,2026-09-08,INS0048,STK048,1289.93,1291.01,1285.36,1288.55,269820
MP00003169,2026-09-08,INS0049,STK049,920.72,926.71,918.83,925.57,234330
MP00003170,2026-09-08,INS0050,STK050,291.13,292.28,288.2,289.84,422822
MP00003171,2026-09-08,INS0051,STK051,570.69,570.73,567.73,568.45,421560
MP00003172,2026-09-08,INS0052,STK052,559.46,559.88,556.07,557.12,70574
MP00003173,2026-09-08,INS0053,STK053,430.57,431.89,424.25,428.29,17160
MP00003174,2026-09-08,INS0054,STK054,876.65,889.52,874.25,885.32,178923
MP00003175,2026-09-08,INS0055,STK055,1422.38,1422.61,1405.29,1418.5,487364
MP00003176,2026-09-08,INS0056,STK056,452.52,456.45,450.68,453.96,12387
MP00003177,2026-09-08,INS0057,STK057,1224.94,1231.06,1223.81,1230.51,262622
MP00003178,2026-09-08,INS0058,STK058,890.76,892.47,883.45,889.35,423212
MP00003179,2026-09-08,INS0059,STK059,526.95,528.5,522.18,525.72,242198
MP00003180,2026-09-08,INS0060,STK060,546.23,554.47,544.49,548.76,420459
MP00003181,2026-09-08,INS0061,STK061,184.51,187.6,184.11,185.63,243033
MP00003182,2026-09-08,INS0062,STK062,138.77,140.13,138.75,138.98,316768
MP00003183,2026-09-08,INS0063,STK063,508.62,509.53,503.73,505.21,321844
MP00003184,2026-09-08,INS0064,STK064,255.36,256.38,252.97,256.11,213304
MP00003185,2026-09-08,INS0065,STK065,444.27,445.45,440.91,445.08,313149
MP00003186,2026-09-08,INS0066,STK066,302.81,304.37,301.66,302.44,497434
MP00003187,2026-09-08,INS0067,STK067,113.71,114.19,113.48,113.87,354629
MP00003188,2026-09-08,INS0068,STK068,580.27,587.83,577.13,581.44,141185
MP00003189,2026-09-08,INS0069,STK069,310.99,312.56,309.84,311.62,437710
MP00003190,2026-09-08,INS0070,STK070,456.83,457.26,454.58,456.66,431137
MP00003191,2026-09-08,INS0071,STK071,241.99,242.78,240.03,240.58,68081
MP00003192,2026-09-08,INS0072,STK072,353.28,353.97,351.05,353.54,10792
MP00003193,2026-09-08,INS0073,STK073,1417.47,1426.9,1413.02,1414.01,183403
MP00003194,2026-09-08,INS0074,STK074,486.85,494.5,485.91,491.98,188184
MP00003195,2026-09-08,INS0075,STK075,697.42,703.16,696.28,697.61,65121
MP00003196,2026-09-08,INS0076,STK076,184.33,184.73,183.37,183.87,310239
MP00003197,2026-09-08,INS0077,STK077,2824.13,2834.54,2818.33,2832.86,153165
MP00003198,2026-09-08,INS0078,STK078,1800.97,1809.59,1792.0,1797.2,201393
MP00003199,2026-09-08,INS0079,STK079,1227.72,1235.37,1223.85,1234.21,420839
MP00003200,2026-09-08,INS0080,STK080,879.91,888.41,876.61,878.72,394814
MP00003201,2026-09-08,INS0081,STK081,465.81,468.83,465.48,465.75,163097
MP00003202,2026-09-08,INS0082,STK082,590.59,597.86,582.63,592.17,320211
MP00003203,2026-09-08,INS0083,STK083,1050.09,1054.83,1041.15,1047.61,397600
MP00003204,2026-09-08,INS0084,STK084,282.21,282.6,279.48,279.6,417439
MP00003205,2026-09-08,INS0085,STK085,330.11,330.56,327.66,329.64,126909
MP00003206,2026-09-08,INS0086,STK086,132.61,133.58,131.85,132.5,32169
MP00003207,2026-09-08,INS0087,STK087,249.74,251.06,248.0,250.15,156649
MP00003208,2026-09-08,INS0088,STK088,1545.72,1548.26,1530.09,1544.24,461385
MP00003209,2026-09-08,INS0089,STK089,338.59,339.8,336.67,339.26,78866
MP00003210,2026-09-08,INS0090,STK090,349.78,351.88,346.79,351.41,486497
MP00003211,2026-09-08,INS0091,STK091,580.83,582.06,575.49,575.8,69430
MP00003212,2026-09-08,INS0092,STK092,135.14,135.79,134.47,135.24,254035
MP00003213,2026-09-08,INS0093,STK093,896.99,901.79,896.39,896.53,339705
MP00003214,2026-09-08,INS0094,STK094,1164.21,1167.28,1153.84,1159.57,291620
MP00003215,2026-09-08,INS0095,STK095,624.99,627.63,622.59,623.68,376519
MP00003216,2026-09-08,INS0096,STK096,1597.51,1614.87,1582.13,1595.81,340977
MP00003217,2026-09-08,INS0097,STK097,157.8,158.32,156.56,157.48,52412
MP00003218,2026-09-08,INS0098,STK098,1918.0,1928.36,1883.51,1918.98,149258
MP00003219,2026-09-08,INS0099,STK099,263.73,266.45,260.26,261.67,252330
MP00003220,2026-09-08,INS0100,STK100,182.21,182.67,180.56,181.67,227435
MP00003221,2026-09-08,INS0101,STK101,358.28,360.05,358.12,358.41,317100
MP00003222,2026-09-08,INS0102,STK102,1936.43,1956.54,1928.67,1934.46,295701
MP00003223,2026-09-08,INS0103,STK103,463.44,467.28,460.31,463.53,499760
MP00003224,2026-09-08,INS0104,STK104,199.22,201.51,198.76,199.69,387874
MP00003225,2026-09-08,INS0105,STK105,165.17,167.97,165.12,165.71,154594
MP00003226,2026-09-08,INS0106,STK106,410.6,412.68,407.64,412.33,202752
MP00003227,2026-09-08,INS0107,STK107,97.09,97.32,95.95,96.62,317957
MP00003228,2026-09-08,INS0108,STK108,172.92,173.86,172.59,173.85,245657
MP00003229,2026-09-08,INS0109,STK109,1461.1,1467.83,1455.75,1461.9,92307
MP00003230,2026-09-08,INS0110,STK110,1263.54,1275.14,1244.67,1257.76,276205
MP00003231,2026-09-08,INS0111,STK111,416.26,419.37,413.9,416.33,466353
MP00003232,2026-09-08,INS0112,STK112,310.62,312.0,308.45,310.68,323216
MP00003233,2026-09-08,INS0113,STK113,479.88,482.37,479.57,480.04,41245
MP00003234,2026-09-08,INS0114,STK114,2793.9,2822.69,2782.77,2793.49,59411
MP00003235,2026-09-08,INS0115,STK115,628.83,632.86,626.17,626.22,179198
MP00003236,2026-09-08,INS0116,STK116,918.72,919.45,913.91,917.96,439492
MP00003237,2026-09-08,INS0117,STK117,417.14,418.09,415.27,416.46,215529
MP00003238,2026-09-08,INS0118,STK118,452.68,453.05,451.08,451.57,310711
MP00003239,2026-09-08,INS0119,STK119,731.57,736.79,727.45,732.25,50295
MP00003240,2026-09-08,INS0120,STK120,486.34,491.0,485.79,489.62,417282
MP00003241,2026-09-09,INS0001,STK001,512.1,520.63,510.71,516.58,167523
MP00003242,2026-09-09,INS0002,STK002,195.95,199.56,195.8,196.59,457950
MP00003243,2026-09-09,INS0003,STK003,966.54,977.89,962.98,966.93,349112
MP00003244,2026-09-09,INS0004,STK004,1257.74,1268.34,1250.53,1260.5,382147
MP00003245,2026-09-09,INS0005,STK005,710.76,718.16,704.08,711.54,88723
MP00003246,2026-09-09,INS0006,STK006,223.57,225.11,221.3,224.39,159078
MP00003247,2026-09-09,INS0007,STK007,251.8,255.11,250.48,252.08,363298
MP00003248,2026-09-09,INS0008,STK008,189.14,191.52,185.88,188.25,407392
MP00003249,2026-09-09,INS0009,STK009,826.92,828.13,822.29,825.88,57595
MP00003250,2026-09-09,INS0010,STK010,1127.82,1137.25,1120.26,1128.22,481819
MP00003251,2026-09-09,INS0011,STK011,614.75,619.01,608.3,610.38,56996
MP00003252,2026-09-09,INS0012,STK012,821.75,822.76,815.93,822.11,161818
MP00003253,2026-09-09,INS0013,STK013,227.57,227.91,226.09,227.83,258372
MP00003254,2026-09-09,INS0014,STK014,518.32,518.45,516.71,517.92,15919
MP00003255,2026-09-09,INS0015,STK015,162.52,163.39,161.49,162.31,385055
MP00003256,2026-09-09,INS0016,STK016,281.06,281.34,277.56,279.78,160431
MP00003257,2026-09-09,INS0017,STK017,951.73,963.64,941.93,954.35,379438
MP00003258,2026-09-09,INS0018,STK018,395.1,397.49,394.91,396.56,394491
MP00003259,2026-09-09,INS0019,STK019,1082.03,1085.02,1079.7,1081.04,105964
MP00003260,2026-09-09,INS0020,STK020,685.1,688.23,676.18,687.83,472561
MP00003261,2026-09-09,INS0021,STK021,3543.85,3591.27,3539.63,3582.93,305239
MP00003262,2026-09-09,INS0022,STK022,459.49,465.86,454.19,462.87,463401
MP00003263,2026-09-09,INS0023,STK023,154.16,155.49,153.52,154.85,398369
MP00003264,2026-09-09,INS0024,STK024,397.21,397.31,393.05,397.27,245427
MP00003265,2026-09-09,INS0025,STK025,214.66,214.71,214.18,214.28,262703
MP00003266,2026-09-09,INS0026,STK026,1001.68,1001.84,988.43,993.95,134032
MP00003267,2026-09-09,INS0027,STK027,497.07,498.09,495.25,496.24,264652
MP00003268,2026-09-09,INS0028,STK028,372.32,374.71,369.52,372.54,426700
MP00003269,2026-09-09,INS0029,STK029,396.2,396.25,388.97,395.95,392299
MP00003270,2026-09-09,INS0030,STK030,725.16,727.19,724.46,727.09,123651
MP00003271,2026-09-09,INS0031,STK031,325.06,327.99,324.54,326.0,337467
MP00003272,2026-09-09,INS0032,STK032,784.67,792.08,779.46,787.01,256244
MP00003273,2026-09-09,INS0033,STK033,885.34,895.21,879.06,882.81,314348
MP00003274,2026-09-09,INS0034,STK034,340.61,341.31,338.46,340.84,106621
MP00003275,2026-09-09,INS0035,STK035,214.41,215.39,213.28,213.81,428264
MP00003276,2026-09-09,INS0036,STK036,301.0,302.64,296.31,299.41,390012
MP00003277,2026-09-09,INS0037,STK037,783.87,790.48,782.46,787.06,300779
MP00003278,2026-09-09,INS0038,STK038,505.55,507.3,499.49,506.24,259488
MP00003279,2026-09-09,INS0039,STK039,746.91,748.22,740.09,743.48,342388
MP00003280,2026-09-09,INS0040,STK040,1665.3,1693.05,1663.9,1665.23,448657
MP00003281,2026-09-09,INS0041,STK041,496.31,497.54,493.98,497.06,466473
MP00003282,2026-09-09,INS0042,STK042,247.2,248.75,245.34,248.07,229973
MP00003283,2026-09-09,INS0043,STK043,1012.09,1014.66,1003.08,1008.79,242509
MP00003284,2026-09-09,INS0044,STK044,504.92,507.7,502.4,505.5,399149
MP00003285,2026-09-09,INS0045,STK045,890.13,902.88,884.06,895.82,289866
MP00003286,2026-09-09,INS0046,STK046,1009.65,1019.34,1003.55,1006.64,344226
MP00003287,2026-09-09,INS0047,STK047,219.08,219.84,216.64,217.46,186046
MP00003288,2026-09-09,INS0048,STK048,1279.21,1284.27,1276.49,1281.74,387296
MP00003289,2026-09-09,INS0049,STK049,939.91,953.3,939.24,942.07,452530
MP00003290,2026-09-09,INS0050,STK050,289.89,292.15,288.38,291.3,410456
MP00003291,2026-09-09,INS0051,STK051,569.17,573.24,567.36,571.13,91156
MP00003292,2026-09-09,INS0052,STK052,562.45,562.92,557.61,560.24,277843
MP00003293,2026-09-09,INS0053,STK053,429.03,431.35,424.11,426.94,387762
MP00003294,2026-09-09,INS0054,STK054,897.05,897.29,892.05,896.16,308206
MP00003295,2026-09-09,INS0055,STK055,1427.08,1427.45,1406.73,1417.73,103715
MP00003296,2026-09-09,INS0056,STK056,458.58,461.77,455.26,460.44,99364
MP00003297,2026-09-09,INS0057,STK057,1226.13,1229.37,1222.27,1227.31,269365
MP00003298,2026-09-09,INS0058,STK058,899.51,903.26,888.4,894.45,64339
MP00003299,2026-09-09,INS0059,STK059,524.25,531.12,521.74,526.43,11066
MP00003300,2026-09-09,INS0060,STK060,549.04,550.11,548.67,549.94,387116
MP00003301,2026-09-09,INS0061,STK061,182.54,183.98,181.37,183.17,245514
MP00003302,2026-09-09,INS0062,STK062,138.63,138.9,137.61,137.89,415811
MP00003303,2026-09-09,INS0063,STK063,512.63,515.12,510.25,511.35,467733
MP00003304,2026-09-09,INS0064,STK064,252.17,254.9,249.58,253.49,83944
MP00003305,2026-09-09,INS0065,STK065,446.07,449.34,445.81,448.27,119247
MP00003306,2026-09-09,INS0066,STK066,307.14,309.76,306.07,308.8,102246
MP00003307,2026-09-09,INS0067,STK067,114.61,114.97,113.67,114.37,15051
MP00003308,2026-09-09,INS0068,STK068,586.78,591.95,584.6,591.42,423208
MP00003309,2026-09-09,INS0069,STK069,313.05,314.12,311.16,313.35,303218
MP00003310,2026-09-09,INS0070,STK070,456.95,461.8,454.62,457.62,123707
MP00003311,2026-09-09,INS0071,STK071,239.49,242.48,238.15,241.3,335942
MP00003312,2026-09-09,INS0072,STK072,354.65,355.82,352.91,353.04,78083
MP00003313,2026-09-09,INS0073,STK073,1417.13,1419.7,1404.56,1411.66,232552
MP00003314,2026-09-09,INS0074,STK074,489.23,490.36,484.02,489.92,258662
MP00003315,2026-09-09,INS0075,STK075,705.2,708.43,695.76,699.98,480650
MP00003316,2026-09-09,INS0076,STK076,186.64,187.79,186.28,187.13,224367
MP00003317,2026-09-09,INS0077,STK077,2867.75,2868.34,2857.77,2865.33,67000
MP00003318,2026-09-09,INS0078,STK078,1801.55,1816.91,1798.85,1800.15,468939
MP00003319,2026-09-09,INS0079,STK079,1240.69,1249.04,1220.58,1240.29,485431
MP00003320,2026-09-09,INS0080,STK080,880.48,880.48,876.84,878.12,364298
MP00003321,2026-09-09,INS0081,STK081,470.44,473.34,468.38,471.08,212478
MP00003322,2026-09-09,INS0082,STK082,583.2,599.03,580.32,584.49,98613
MP00003323,2026-09-09,INS0083,STK083,1063.66,1065.66,1063.33,1063.91,412100
MP00003324,2026-09-09,INS0084,STK084,279.49,281.29,276.72,278.38,167137
MP00003325,2026-09-09,INS0085,STK085,327.96,329.86,327.62,328.62,72278
MP00003326,2026-09-09,INS0086,STK086,130.88,131.32,130.27,131.21,152349
MP00003327,2026-09-09,INS0087,STK087,248.59,252.74,247.12,250.46,271200
MP00003328,2026-09-09,INS0088,STK088,1530.01,1540.6,1527.31,1535.85,397714
MP00003329,2026-09-09,INS0089,STK089,342.86,346.08,341.0,342.43,163115
MP00003330,2026-09-09,INS0090,STK090,354.73,357.35,351.7,353.32,458542
MP00003331,2026-09-09,INS0091,STK091,568.21,573.48,564.24,572.62,207806
MP00003332,2026-09-09,INS0092,STK092,136.43,137.57,133.69,134.29,207184
MP00003333,2026-09-09,INS0093,STK093,899.81,904.1,889.88,891.94,105765
MP00003334,2026-09-09,INS0094,STK094,1143.81,1151.07,1136.47,1150.83,35044
MP00003335,2026-09-09,INS0095,STK095,624.19,634.65,619.25,622.29,305001
MP00003336,2026-09-09,INS0096,STK096,1581.94,1602.43,1579.18,1585.11,373593
MP00003337,2026-09-09,INS0097,STK097,158.9,159.64,157.81,158.96,88740
MP00003338,2026-09-09,INS0098,STK098,1906.56,1913.75,1899.81,1911.34,269128
MP00003339,2026-09-09,INS0099,STK099,262.31,262.99,259.91,262.88,68719
MP00003340,2026-09-09,INS0100,STK100,183.65,184.76,181.81,182.52,403308
MP00003341,2026-09-09,INS0101,STK101,353.02,355.55,351.77,353.13,126089
MP00003342,2026-09-09,INS0102,STK102,1951.44,1958.96,1930.69,1945.53,453265
MP00003343,2026-09-09,INS0103,STK103,455.06,459.15,454.89,457.25,85705
MP00003344,2026-09-09,INS0104,STK104,198.69,201.04,196.94,198.37,453719
MP00003345,2026-09-09,INS0105,STK105,164.99,167.87,164.31,166.6,282733
MP00003346,2026-09-09,INS0106,STK106,415.46,415.58,412.04,412.74,159500
MP00003347,2026-09-09,INS0107,STK107,95.94,96.77,95.55,96.36,120128
MP00003348,2026-09-09,INS0108,STK108,170.95,172.37,170.67,171.38,161476
MP00003349,2026-09-09,INS0109,STK109,1467.05,1483.82,1454.7,1473.22,261399
MP00003350,2026-09-09,INS0110,STK110,1260.61,1263.99,1252.28,1262.14,163241
MP00003351,2026-09-09,INS0111,STK111,412.33,414.73,410.57,413.49,163969
MP00003352,2026-09-09,INS0112,STK112,307.5,309.13,307.07,308.3,112776
MP00003353,2026-09-09,INS0113,STK113,484.11,488.19,479.16,484.0,85691
MP00003354,2026-09-09,INS0114,STK114,2795.23,2816.79,2786.03,2800.21,244722
MP00003355,2026-09-09,INS0115,STK115,619.6,622.01,618.8,619.44,161562
MP00003356,2026-09-09,INS0116,STK116,911.18,918.03,909.81,912.61,222902
MP00003357,2026-09-09,INS0117,STK117,423.44,424.54,422.05,423.03,313370
MP00003358,2026-09-09,INS0118,STK118,453.61,456.62,453.6,455.21,247401
MP00003359,2026-09-09,INS0119,STK119,736.19,738.27,727.89,732.25,44281
MP00003360,2026-09-09,INS0120,STK120,493.29,494.91,487.53,489.7,382043
MP00003361,2026-09-10,INS0001,STK001,515.31,516.98,511.55,514.05,70857
MP00003362,2026-09-10,INS0002,STK002,197.35,197.72,196.72,196.87,82622
MP00003363,2026-09-10,INS0003,STK003,973.64,989.57,963.26,968.73,354758
MP00003364,2026-09-10,INS0004,STK004,1274.87,1279.28,1252.48,1270.33,324595
MP00003365,2026-09-10,INS0005,STK005,695.43,704.37,688.99,698.84,107167
MP00003366,2026-09-10,INS0006,STK006,221.28,223.71,219.62,221.84,247099
MP00003367,2026-09-10,INS0007,STK007,252.85,253.98,251.77,252.56,102907
MP00003368,2026-09-10,INS0008,STK008,188.74,190.97,187.33,188.75,172811
MP00003369,2026-09-10,INS0009,STK009,820.86,827.94,814.83,820.17,59565
MP00003370,2026-09-10,INS0010,STK010,1130.09,1131.64,1125.69,1131.44,120613
MP00003371,2026-09-10,INS0011,STK011,616.94,618.18,609.04,613.7,53324
MP00003372,2026-09-10,INS0012,STK012,820.67,821.52,817.17,820.83,490679
MP00003373,2026-09-10,INS0013,STK013,230.3,232.05,229.44,230.45,404576
MP00003374,2026-09-10,INS0014,STK014,524.6,530.88,522.27,524.66,127884
MP00003375,2026-09-10,INS0015,STK015,163.39,165.36,161.21,162.47,290205
MP00003376,2026-09-10,INS0016,STK016,281.0,283.5,279.43,281.66,185669
MP00003377,2026-09-10,INS0017,STK017,944.48,954.34,929.72,941.49,392621
MP00003378,2026-09-10,INS0018,STK018,399.66,402.17,398.9,399.98,372173
MP00003379,2026-09-10,INS0019,STK019,1086.85,1097.67,1084.16,1093.8,284296
MP00003380,2026-09-10,INS0020,STK020,684.16,695.79,680.37,682.26,420201
MP00003381,2026-09-10,INS0021,STK021,3592.28,3617.49,3580.86,3600.65,363906
MP00003382,2026-09-10,INS0022,STK022,457.57,458.3,454.12,455.98,153531
MP00003383,2026-09-10,INS0023,STK023,154.15,155.59,153.08,153.88,218040
MP00003384,2026-09-10,INS0024,STK024,395.95,396.73,394.1,395.62,429727
MP00003385,2026-09-10,INS0025,STK025,212.43,214.59,211.63,211.77,473202
MP00003386,2026-09-10,INS0026,STK026,993.03,1002.48,985.77,992.06,344676
MP00003387,2026-09-10,INS0027,STK027,496.2,500.59,492.87,495.03,480647
MP00003388,2026-09-10,INS0028,STK028,374.07,375.21,373.17,374.39,184683
MP00003389,2026-09-10,INS0029,STK029,392.89,393.17,389.58,391.18,208876
MP00003390,2026-09-10,INS0030,STK030,732.58,734.7,727.55,730.73,250877
MP00003391,2026-09-10,INS0031,STK031,324.8,326.72,323.79,323.95,121930
MP00003392,2026-09-10,INS0032,STK032,777.66,781.88,773.17,779.0,411638
MP00003393,2026-09-10,INS0033,STK033,880.08,887.12,879.16,881.42,345443
MP00003394,2026-09-10,INS0034,STK034,343.37,344.17,342.47,342.9,134118
MP00003395,2026-09-10,INS0035,STK035,212.11,213.95,211.97,212.99,117549
MP00003396,2026-09-10,INS0036,STK036,302.03,303.45,299.36,300.65,322282
MP00003397,2026-09-10,INS0037,STK037,786.45,790.98,783.54,788.82,211317
MP00003398,2026-09-10,INS0038,STK038,519.84,520.77,517.48,519.09,323500
MP00003399,2026-09-10,INS0039,STK039,747.67,754.07,737.8,741.62,171838
MP00003400,2026-09-10,INS0040,STK040,1662.96,1670.17,1657.33,1663.01,300378
MP00003401,2026-09-10,INS0041,STK041,504.34,505.7,500.58,501.48,194526
MP00003402,2026-09-10,INS0042,STK042,247.61,249.2,246.43,247.97,347397
MP00003403,2026-09-10,INS0043,STK043,1007.27,1014.61,1006.89,1010.82,165889
MP00003404,2026-09-10,INS0044,STK044,498.52,507.01,497.38,498.44,345831
MP00003405,2026-09-10,INS0045,STK045,895.57,896.07,891.59,894.95,31625
MP00003406,2026-09-10,INS0046,STK046,1004.29,1007.45,998.74,1000.98,110120
MP00003407,2026-09-10,INS0047,STK047,216.9,217.23,215.48,216.63,452970
MP00003408,2026-09-10,INS0048,STK048,1287.94,1297.33,1282.93,1284.37,415170
MP00003409,2026-09-10,INS0049,STK049,941.37,946.82,938.26,941.65,435935
MP00003410,2026-09-10,INS0050,STK050,293.24,294.11,292.19,293.11,176373
MP00003411,2026-09-10,INS0051,STK051,577.04,580.34,575.35,575.51,136545
MP00003412,2026-09-10,INS0052,STK052,558.47,562.93,557.08,559.45,282498
MP00003413,2026-09-10,INS0053,STK053,428.59,432.88,427.53,427.96,437003
MP00003414,2026-09-10,INS0054,STK054,884.55,889.15,874.13,881.7,58390
MP00003415,2026-09-10,INS0055,STK055,1426.69,1431.8,1413.06,1421.3,340164
MP00003416,2026-09-10,INS0056,STK056,465.59,468.41,460.27,464.34,239155
MP00003417,2026-09-10,INS0057,STK057,1214.85,1228.78,1213.34,1218.41,19525
MP00003418,2026-09-10,INS0058,STK058,903.84,908.34,896.68,899.87,471866
MP00003419,2026-09-10,INS0059,STK059,529.0,535.38,522.84,524.53,377952
MP00003420,2026-09-10,INS0060,STK060,550.14,553.29,546.2,547.41,300172
MP00003421,2026-09-10,INS0061,STK061,185.5,186.25,182.29,185.27,269797
MP00003422,2026-09-10,INS0062,STK062,137.89,138.37,137.3,137.85,480832
MP00003423,2026-09-10,INS0063,STK063,513.82,518.35,513.19,514.91,419512
MP00003424,2026-09-10,INS0064,STK064,249.1,250.02,248.01,249.56,120545
MP00003425,2026-09-10,INS0065,STK065,450.61,451.2,445.3,446.09,211707
MP00003426,2026-09-10,INS0066,STK066,310.14,313.22,307.81,310.56,10059
MP00003427,2026-09-10,INS0067,STK067,114.54,114.82,113.67,114.48,450659
MP00003428,2026-09-10,INS0068,STK068,588.72,591.37,588.49,590.55,193645
MP00003429,2026-09-10,INS0069,STK069,315.04,315.69,312.69,314.87,346429
MP00003430,2026-09-10,INS0070,STK070,454.37,457.3,451.1,454.59,300839
MP00003431,2026-09-10,INS0071,STK071,243.27,245.97,241.68,243.67,117777
MP00003432,2026-09-10,INS0072,STK072,353.05,356.74,352.01,352.44,461464
MP00003433,2026-09-10,INS0073,STK073,1404.11,1409.59,1394.59,1402.47,314132
MP00003434,2026-09-10,INS0074,STK074,485.71,492.02,483.4,486.99,61746
MP00003435,2026-09-10,INS0075,STK075,701.38,706.54,699.31,699.52,291522
MP00003436,2026-09-10,INS0076,STK076,185.1,186.78,184.93,186.5,207383
MP00003437,2026-09-10,INS0077,STK077,2876.53,2899.25,2859.21,2877.41,452763
MP00003438,2026-09-10,INS0078,STK078,1801.15,1818.68,1781.39,1799.48,358425
MP00003439,2026-09-10,INS0079,STK079,1233.42,1248.02,1218.15,1236.76,390959
MP00003440,2026-09-10,INS0080,STK080,877.01,883.08,870.26,880.61,94940
MP00003441,2026-09-10,INS0081,STK081,467.75,469.11,465.35,469.09,130082
MP00003442,2026-09-10,INS0082,STK082,586.25,595.74,581.84,586.79,498345
MP00003443,2026-09-10,INS0083,STK083,1067.0,1070.74,1064.67,1066.69,466667
MP00003444,2026-09-10,INS0084,STK084,280.33,280.62,277.49,279.02,125686
MP00003445,2026-09-10,INS0085,STK085,328.5,330.1,324.37,327.69,47423
MP00003446,2026-09-10,INS0086,STK086,130.56,130.98,130.4,130.55,117416
MP00003447,2026-09-10,INS0087,STK087,255.43,257.65,249.1,252.09,225777
MP00003448,2026-09-10,INS0088,STK088,1530.65,1545.03,1521.69,1543.41,408552
MP00003449,2026-09-10,INS0089,STK089,337.9,341.47,333.35,339.68,15209
MP00003450,2026-09-10,INS0090,STK090,352.88,353.26,349.47,352.1,310652
MP00003451,2026-09-10,INS0091,STK091,578.62,579.52,576.26,578.79,121375
MP00003452,2026-09-10,INS0092,STK092,135.29,136.04,135.29,135.35,106856
MP00003453,2026-09-10,INS0093,STK093,878.79,884.05,874.95,883.63,90729
MP00003454,2026-09-10,INS0094,STK094,1150.26,1155.2,1148.24,1150.94,53042
MP00003455,2026-09-10,INS0095,STK095,620.99,624.41,616.35,624.38,265023
MP00003456,2026-09-10,INS0096,STK096,1596.97,1605.74,1594.37,1597.76,15108
MP00003457,2026-09-10,INS0097,STK097,159.54,161.03,158.15,159.12,30926
MP00003458,2026-09-10,INS0098,STK098,1915.62,1921.65,1906.36,1918.76,429119
MP00003459,2026-09-10,INS0099,STK099,264.49,265.3,262.93,264.84,139133
MP00003460,2026-09-10,INS0100,STK100,182.99,185.48,182.72,184.08,269848
MP00003461,2026-09-10,INS0101,STK101,353.79,355.12,352.1,352.62,378029
MP00003462,2026-09-10,INS0102,STK102,1961.71,1962.33,1942.13,1946.24,297180
MP00003463,2026-09-10,INS0103,STK103,453.42,455.75,450.59,454.48,29481
MP00003464,2026-09-10,INS0104,STK104,198.59,199.72,197.52,197.93,467751
MP00003465,2026-09-10,INS0105,STK105,165.99,167.27,165.94,166.06,289846
MP00003466,2026-09-10,INS0106,STK106,412.34,414.39,409.04,412.12,271447
MP00003467,2026-09-10,INS0107,STK107,96.43,96.45,96.03,96.29,114280
MP00003468,2026-09-10,INS0108,STK108,172.42,173.71,172.25,172.5,190177
MP00003469,2026-09-10,INS0109,STK109,1486.93,1496.29,1471.27,1477.35,278584
MP00003470,2026-09-10,INS0110,STK110,1250.05,1253.16,1242.67,1249.28,74792
MP00003471,2026-09-10,INS0111,STK111,414.47,417.7,414.36,415.31,268733
MP00003472,2026-09-10,INS0112,STK112,307.68,308.5,305.81,306.95,250416
MP00003473,2026-09-10,INS0113,STK113,484.49,487.14,479.34,479.8,140551
MP00003474,2026-09-10,INS0114,STK114,2788.4,2792.46,2751.34,2774.74,168454
MP00003475,2026-09-10,INS0115,STK115,616.82,620.91,615.52,620.29,440181
MP00003476,2026-09-10,INS0116,STK116,919.57,920.6,917.16,920.39,224382
MP00003477,2026-09-10,INS0117,STK117,421.98,427.02,420.25,422.32,180097
MP00003478,2026-09-10,INS0118,STK118,458.36,463.04,458.15,458.63,217978
MP00003479,2026-09-10,INS0119,STK119,731.01,732.93,726.3,732.76,35976
MP00003480,2026-09-10,INS0120,STK120,481.33,487.8,476.16,481.33,83663
MP00003481,2026-09-11,INS0001,STK001,511.99,514.03,505.9,508.75,402151
MP00003482,2026-09-11,INS0002,STK002,198.68,198.92,197.41,198.36,46122
MP00003483,2026-09-11,INS0003,STK003,971.32,982.91,960.99,964.75,146553
MP00003484,2026-09-11,INS0004,STK004,1271.05,1291.77,1258.41,1266.69,324888
MP00003485,2026-09-11,INS0005,STK005,703.08,710.41,700.46,703.32,258209
MP00003486,2026-09-11,INS0006,STK006,222.56,223.84,221.72,223.75,131015
MP00003487,2026-09-11,INS0007,STK007,251.56,254.56,250.18,251.62,414223
MP00003488,2026-09-11,INS0008,STK008,189.14,190.38,187.82,188.92,276985
MP00003489,2026-09-11,INS0009,STK009,818.52,827.07,804.18,824.66,463807
MP00003490,2026-09-11,INS0010,STK010,1143.75,1149.79,1139.74,1142.94,445990
MP00003491,2026-09-11,INS0011,STK011,616.06,618.16,611.76,614.13,35557
MP00003492,2026-09-11,INS0012,STK012,825.22,828.55,821.84,823.94,142323
MP00003493,2026-09-11,INS0013,STK013,228.88,230.58,228.67,228.77,62318
MP00003494,2026-09-11,INS0014,STK014,518.86,520.52,514.51,518.35,95770
MP00003495,2026-09-11,INS0015,STK015,162.78,164.13,160.45,163.19,214026
MP00003496,2026-09-11,INS0016,STK016,279.65,282.33,278.79,279.85,234381
MP00003497,2026-09-11,INS0017,STK017,932.85,935.92,928.51,934.55,182522
MP00003498,2026-09-11,INS0018,STK018,405.51,408.94,401.03,402.04,259259
MP00003499,2026-09-11,INS0019,STK019,1089.23,1098.06,1079.55,1092.51,416569
MP00003500,2026-09-11,INS0020,STK020,680.95,691.94,676.63,683.51,486333
MP00003501,2026-09-11,INS0021,STK021,3565.46,3626.99,3505.38,3563.87,307662
MP00003502,2026-09-11,INS0022,STK022,452.09,457.28,451.72,452.67,283009
MP00003503,2026-09-11,INS0023,STK023,156.53,157.0,155.25,155.9,369083
MP00003504,2026-09-11,INS0024,STK024,395.91,396.02,388.42,393.54,476863
MP00003505,2026-09-11,INS0025,STK025,213.75,214.33,211.21,211.42,319067
MP00003506,2026-09-11,INS0026,STK026,990.13,996.05,989.01,993.94,347655
MP00003507,2026-09-11,INS0027,STK027,488.34,492.07,487.7,490.81,179298
MP00003508,2026-09-11,INS0028,STK028,376.49,378.47,375.3,378.46,16680
MP00003509,2026-09-11,INS0029,STK029,388.48,394.98,386.33,391.2,229167
MP00003510,2026-09-11,INS0030,STK030,731.95,732.1,725.34,729.35,148944
MP00003511,2026-09-11,INS0031,STK031,327.47,331.25,324.69,326.73,272569
MP00003512,2026-09-11,INS0032,STK032,791.94,794.73,779.48,784.71,95623
MP00003513,2026-09-11,INS0033,STK033,895.51,899.65,889.44,895.4,239065
MP00003514,2026-09-11,INS0034,STK034,340.79,345.54,340.06,341.7,104747
MP00003515,2026-09-11,INS0035,STK035,215.34,217.18,212.77,216.76,322796
MP00003516,2026-09-11,INS0036,STK036,302.49,305.53,300.36,302.21,117643
MP00003517,2026-09-11,INS0037,STK037,801.96,804.26,798.83,799.56,45357
MP00003518,2026-09-11,INS0038,STK038,522.76,526.31,522.66,523.2,45276
MP00003519,2026-09-11,INS0039,STK039,736.62,739.87,734.75,737.82,361860
MP00003520,2026-09-11,INS0040,STK040,1663.38,1670.89,1637.12,1651.95,328898
MP00003521,2026-09-11,INS0041,STK041,492.92,494.68,490.14,494.29,126773
MP00003522,2026-09-11,INS0042,STK042,242.76,244.74,241.07,244.01,285516
MP00003523,2026-09-11,INS0043,STK043,1003.27,1012.85,1003.13,1005.88,166426
MP00003524,2026-09-11,INS0044,STK044,503.25,510.68,502.42,503.52,376146
MP00003525,2026-09-11,INS0045,STK045,892.05,893.86,882.91,891.39,18072
MP00003526,2026-09-11,INS0046,STK046,995.5,1002.32,992.3,995.58,102379
MP00003527,2026-09-11,INS0047,STK047,218.83,220.01,216.55,217.85,476922
MP00003528,2026-09-11,INS0048,STK048,1275.44,1278.86,1258.15,1275.55,291248
MP00003529,2026-09-11,INS0049,STK049,952.14,957.02,948.89,955.62,249214
MP00003530,2026-09-11,INS0050,STK050,291.91,295.11,290.24,292.49,115652
MP00003531,2026-09-11,INS0051,STK051,576.87,580.74,573.13,579.81,120629
MP00003532,2026-09-11,INS0052,STK052,558.51,559.1,555.98,558.56,114753
MP00003533,2026-09-11,INS0053,STK053,427.96,430.44,427.74,428.05,360592
MP00003534,2026-09-11,INS0054,STK054,891.96,900.94,883.51,889.68,490826
MP00003535,2026-09-11,INS0055,STK055,1427.5,1427.92,1416.44,1423.91,221881
MP00003536,2026-09-11,INS0056,STK056,469.32,472.54,465.62,469.92,153133
MP00003537,2026-09-11,INS0057,STK057,1208.05,1215.36,1207.76,1210.8,134343
MP00003538,2026-09-11,INS0058,STK058,888.64,894.65,888.27,890.57,274115
MP00003539,2026-09-11,INS0059,STK059,516.43,517.89,510.44,517.24,153840
MP00003540,2026-09-11,INS0060,STK060,551.74,555.94,546.27,552.93,216248
MP00003541,2026-09-11,INS0061,STK061,186.82,187.32,185.9,186.61,24470
MP00003542,2026-09-11,INS0062,STK062,137.67,138.41,137.33,137.56,292170
MP00003543,2026-09-11,INS0063,STK063,515.32,518.51,511.49,516.14,404302
MP00003544,2026-09-11,INS0064,STK064,251.2,253.93,250.92,251.7,475875
MP00003545,2026-09-11,INS0065,STK065,445.29,445.93,445.25,445.41,413578
MP00003546,2026-09-11,INS0066,STK066,304.92,307.44,303.84,306.22,224280
MP00003547,2026-09-11,INS0067,STK067,112.58,113.33,111.76,112.89,499084
MP00003548,2026-09-11,INS0068,STK068,585.77,594.64,582.34,585.4,166185
MP00003549,2026-09-11,INS0069,STK069,315.36,315.48,314.05,315.13,173062
MP00003550,2026-09-11,INS0070,STK070,454.11,456.07,447.56,451.18,472643
MP00003551,2026-09-11,INS0071,STK071,244.48,247.18,244.36,245.69,220633
MP00003552,2026-09-11,INS0072,STK072,349.89,352.22,347.17,348.86,124166
MP00003553,2026-09-11,INS0073,STK073,1400.05,1405.02,1391.82,1394.72,330012
MP00003554,2026-09-11,INS0074,STK074,480.07,481.76,477.19,479.94,26360
MP00003555,2026-09-11,INS0075,STK075,701.09,701.14,694.67,697.03,170674
MP00003556,2026-09-11,INS0076,STK076,186.24,186.51,185.47,186.51,32469
MP00003557,2026-09-11,INS0077,STK077,2913.62,2929.49,2890.59,2902.33,117644
MP00003558,2026-09-11,INS0078,STK078,1809.24,1818.4,1799.19,1801.21,297275
MP00003559,2026-09-11,INS0079,STK079,1243.25,1244.81,1237.46,1244.12,332501
MP00003560,2026-09-11,INS0080,STK080,887.04,894.04,881.12,887.72,112326
MP00003561,2026-09-11,INS0081,STK081,469.72,473.46,465.14,470.56,295835
MP00003562,2026-09-11,INS0082,STK082,583.29,586.88,579.47,582.6,305277
MP00003563,2026-09-11,INS0083,STK083,1071.8,1074.73,1066.21,1070.15,499948
MP00003564,2026-09-11,INS0084,STK084,282.69,283.66,279.25,282.36,67795
MP00003565,2026-09-11,INS0085,STK085,327.75,328.53,326.28,326.86,192389
MP00003566,2026-09-11,INS0086,STK086,131.56,132.25,130.45,131.13,379813
MP00003567,2026-09-11,INS0087,STK087,253.77,255.45,251.83,253.15,495341
MP00003568,2026-09-11,INS0088,STK088,1532.87,1540.66,1514.73,1538.86,228201
MP00003569,2026-09-11,INS0089,STK089,341.59,342.43,340.05,342.23,135588
MP00003570,2026-09-11,INS0090,STK090,350.02,352.22,349.74,351.01,136956
MP00003571,2026-09-11,INS0091,STK091,582.77,586.71,578.55,580.89,96190
MP00003572,2026-09-11,INS0092,STK092,135.38,136.14,135.02,135.1,465152
MP00003573,2026-09-11,INS0093,STK093,882.72,886.66,878.01,883.94,279762
MP00003574,2026-09-11,INS0094,STK094,1156.91,1171.68,1154.64,1159.57,357240
MP00003575,2026-09-11,INS0095,STK095,615.42,617.57,612.11,614.73,280200
MP00003576,2026-09-11,INS0096,STK096,1597.36,1608.01,1595.4,1605.67,404168
MP00003577,2026-09-11,INS0097,STK097,159.74,160.79,159.32,160.02,349006
MP00003578,2026-09-11,INS0098,STK098,1904.3,1911.29,1896.68,1909.95,439084
MP00003579,2026-09-11,INS0099,STK099,264.86,266.2,264.17,264.78,106396
MP00003580,2026-09-11,INS0100,STK100,182.74,184.35,182.34,182.65,92546
MP00003581,2026-09-11,INS0101,STK101,352.99,354.57,348.78,350.37,452416
MP00003582,2026-09-11,INS0102,STK102,1940.05,1963.16,1935.57,1950.46,333055
MP00003583,2026-09-11,INS0103,STK103,463.13,466.59,461.11,464.13,17997
MP00003584,2026-09-11,INS0104,STK104,199.39,200.68,197.58,198.99,464701
MP00003585,2026-09-11,INS0105,STK105,164.95,165.75,164.73,164.93,411740
MP00003586,2026-09-11,INS0106,STK106,413.5,415.0,411.22,414.69,191166
MP00003587,2026-09-11,INS0107,STK107,97.06,97.63,95.72,96.73,380374
MP00003588,2026-09-11,INS0108,STK108,169.84,170.78,169.03,170.14,231610
MP00003589,2026-09-11,INS0109,STK109,1478.0,1483.69,1469.34,1473.62,417423
MP00003590,2026-09-11,INS0110,STK110,1254.02,1264.39,1245.02,1247.86,110822
MP00003591,2026-09-11,INS0111,STK111,416.93,418.36,414.31,415.71,132146
MP00003592,2026-09-11,INS0112,STK112,308.55,309.29,305.48,306.87,73884
MP00003593,2026-09-11,INS0113,STK113,480.07,480.57,477.41,480.37,306172
MP00003594,2026-09-11,INS0114,STK114,2751.13,2787.09,2725.4,2754.06,244788
MP00003595,2026-09-11,INS0115,STK115,620.8,628.16,614.92,618.67,120903
MP00003596,2026-09-11,INS0116,STK116,921.39,922.0,916.37,918.44,419466
MP00003597,2026-09-11,INS0117,STK117,424.63,430.92,418.99,426.26,212576
MP00003598,2026-09-11,INS0118,STK118,456.45,457.84,454.41,456.08,428715
MP00003599,2026-09-11,INS0119,STK119,727.76,734.01,727.13,731.32,94124
MP00003600,2026-09-11,INS0120,STK120,481.53,482.07,479.46,479.96,268689
